frequency,recency,segments_numeric
726.0,1364,11.0
2108.0,218,3.0
505.0,697,1.0
400.0,793,1.0
1815.0,470,11.0
517.0,1211,2.0
467.0,2040,10.0
326.0,1379,7.0
801.0,1514,5.0
600.0,601,2.0
557.0,869,2.0
757.0,39,
173.0,1604,11.0
647.0,197,1.0
1585.0,696,4.0
2080.0,506,11.0
964.0,176,1.0
642.0,1444,7.0
954.0,124,1.0
1957.0,420,3.0
1616.0,90,
901.0,1360,5.0
1964.0,411,3.0
1694.0,107,
1631.0,164,3.0
11.0,968,1.0
1052.0,1179,1.0
1303.0,195,3.0
1027.0,1240,1.0
1075.0,1307,11.0
627.0,913,1.0
1004.0,720,2.0
996.0,135,11.0
555.0,1081,1.0
91.0,1156,11.0
1394.0,825,11.0
39.0,2316,10.0
624.0,2067,10.0
275.0,179,1.0
1178.0,362,11.0
246.0,1807,7.0
1636.0,944,11.0
552.0,250,2.0
793.0,1056,1.0
1001.0,1080,2.0
601.0,1970,10.0
1544.0,96,5.0
375.0,1129,1.0
1850.0,388,3.0
466.0,1876,10.0
275.0,1238,1.0
722.0,1439,5.0
1576.0,156,3.0
527.0,940,2.0
1534.0,315,3.0
985.0,532,11.0
374.0,2317,10.0
45.0,1060,1.0
1321.0,852,11.0
60.0,758,1.0
1039.0,481,2.0
573.0,1542,11.0
436.0,816,1.0
797.0,1106,1.0
151.0,244,0.0
827.0,1200,1.0
1055.0,290,2.0
361.0,998,1.0
393.0,96,
2211.0,341,3.0
318.0,1198,1.0
744.0,74,
558.0,1197,1.0
396.0,1812,7.0
1520.0,1083,5.0
1709.0,624,11.0
1889.0,131,3.0
271.0,725,1.0
417.0,291,1.0
21.0,2117,10.0
749.0,356,1.0
47.0,698,1.0
1158.0,1123,2.0
681.0,400,2.0
974.0,312,1.0
647.0,865,1.0
910.0,674,1.0
150.0,2146,10.0
247.0,965,1.0
821.0,626,1.0
216.0,1539,7.0
444.0,176,1.0
1095.0,139,1.0
742.0,721,11.0
192.0,2257,10.0
1971.0,581,11.0
1465.0,216,3.0
1125.0,272,1.0
1988.0,225,3.0
287.0,82,
267.0,724,1.0
736.0,1019,1.0
333.0,1623,7.0
460.0,750,11.0
1907.0,207,3.0
1046.0,217,2.0
1707.0,440,3.0
385.0,1153,1.0
315.0,917,1.0
170.0,970,1.0
198.0,641,1.0
1136.0,1541,11.0
2124.0,37,
111.0,283,1.0
273.0,1636,11.0
115.0,325,1.0
817.0,1299,2.0
143.0,557,1.0
1119.0,674,1.0
1276.0,893,11.0
1033.0,1321,1.0
370.0,1034,1.0
1606.0,26,
1205.0,288,3.0
54.0,1683,7.0
379.0,1373,11.0
1206.0,29,
64.0,396,1.0
192.0,2016,10.0
1703.0,245,3.0
509.0,485,11.0
1909.0,467,11.0
514.0,472,1.0
58.0,1061,1.0
731.0,1165,2.0
1595.0,747,11.0
176.0,315,1.0
1347.0,683,2.0
296.0,1133,1.0
1280.0,113,
962.0,124,1.0
194.0,527,1.0
2567.0,49,
785.0,976,1.0
654.0,588,2.0
393.0,1273,2.0
29.0,2647,10.0
1594.0,144,3.0
1806.0,549,11.0
219.0,2311,3.0
1146.0,822,1.0
1790.0,659,4.0
951.0,866,1.0
1808.0,93,
742.0,655,2.0
413.0,715,1.0
983.0,1059,1.0
2303.0,158,3.0
44.0,291,1.0
1269.0,363,3.0
94.0,1043,1.0
629.0,1944,2.0
1631.0,724,11.0
75.0,265,1.0
552.0,2112,10.0
916.0,802,1.0
381.0,48,
841.0,1032,2.0
976.0,974,1.0
1289.0,754,11.0
1008.0,1178,1.0
445.0,2093,10.0
1411.0,591,11.0
635.0,2043,10.0
182.0,2093,10.0
654.0,724,11.0
660.0,1623,7.0
1110.0,530,1.0
216.0,1980,10.0
558.0,749,2.0
272.0,432,0.0
1240.0,1373,1.0
51.0,2348,10.0
289.0,366,2.0
417.0,1521,11.0
2157.0,469,11.0
986.0,965,11.0
1679.0,985,11.0
267.0,1946,10.0
780.0,1765,5.0
723.0,1753,7.0
92.0,988,1.0
2137.0,192,3.0
695.0,1416,7.0
446.0,2145,10.0
1371.0,102,
1188.0,799,11.0
502.0,1855,11.0
114.0,495,2.0
1138.0,1265,1.0
414.0,727,1.0
435.0,2045,10.0
753.0,1467,7.0
348.0,374,1.0
387.0,2108,10.0
468.0,1587,11.0
1711.0,77,
1553.0,991,4.0
568.0,997,1.0
95.0,1033,2.0
135.0,58,
827.0,218,1.0
277.0,2118,10.0
980.0,124,11.0
1162.0,492,1.0
839.0,193,1.0
544.0,20,
303.5,1989,10.0
1823.0,266,3.0
2301.0,300,3.0
292.0,1095,1.0
667.0,820,2.0
1322.0,458,11.0
2494.0,124,3.0
588.0,1332,1.0
17.0,2247,8.0
1048.0,1288,1.0
174.0,1972,10.0
97.0,674,2.0
526.0,1970,10.0
448.0,1706,7.0
984.0,169,1.0
953.0,295,1.0
1328.0,1075,5.0
69.0,324,0.0
270.0,1651,2.0
464.0,435,1.0
653.0,817,2.0
630.0,49,
1080.0,1490,7.0
1785.0,50,
22.0,1589,7.0
43.0,2268,8.0
1668.0,302,3.0
519.0,252,2.0
995.0,1658,5.0
1032.0,97,
1205.0,123,3.0
1789.0,612,11.0
445.0,2011,10.0
1809.0,314,3.0
193.0,289,1.0
383.0,2293,10.0
787.0,1521,7.0
2089.0,195,3.0
1131.0,631,2.0
1536.0,168,3.0
94.0,1929,10.0
1387.0,1279,11.0
457.0,1541,11.0
78.0,1218,2.0
142.0,170,2.0
2282.0,201,3.0
986.0,553,2.0
397.0,1886,10.0
760.0,1835,5.0
104.0,2237,10.0
862.0,1492,7.0
852.0,1468,7.0
908.0,1066,1.0
2042.0,99,7.0
510.0,1324,1.0
49.0,1097,2.0
1343.0,173,3.0
1851.0,360,3.0
1362.0,19,
261.0,1395,7.0
359.0,364,2.0
1232.0,1373,5.0
801.0,3,
269.0,1795,7.0
2334.0,365,3.0
264.0,2090,8.0
1210.0,66,
1233.0,793,11.0
2319.0,260,3.0
129.0,663,11.0
653.0,392,1.0
897.0,1586,5.0
1680.0,712,4.0
114.0,1035,1.0
762.0,1666,7.0
1700.0,219,3.0
892.0,418,1.0
983.0,396,2.0
1078.0,994,2.0
1817.0,727,11.0
1387.0,659,11.0
622.0,1397,11.0
2110.0,337,3.0
202.0,591,1.0
2441.0,250,3.0
704.0,940,1.0
341.0,1538,7.0
527.0,1707,11.0
864.0,301,1.0
750.0,522,2.0
170.0,362,0.0
2180.0,292,3.0
844.0,315,1.0
1804.0,843,11.0
1120.0,1515,7.0
839.0,438,1.0
457.0,1995,10.0
1404.0,974,4.0
314.0,1923,10.0
1712.0,914,4.0
652.0,1805,11.0
189.0,1718,11.0
68.0,1263,1.0
1650.0,69,
596.6666666666666,440,2.0
1630.0,917,5.0
1374.0,1277,5.0
194.0,1181,1.0
104.0,2077,10.0
2058.0,391,3.0
218.0,2139,10.0
510.0,75,
229.0,1504,7.0
727.0,744,2.0
1905.0,650,11.0
230.0,1497,7.0
2337.0,373,3.0
227.0,2156,10.0
1175.0,1277,1.0
1147.0,389,1.0
263.0,1,
5.0,1907,10.0
432.0,1949,10.0
146.0,729,2.0
1846.0,486,4.0
1906.0,695,11.0
441.0,2199,7.0
315.0,989,2.0
1436.0,844,11.0
1880.0,196,3.0
518.0,561,2.0
1712.0,341,3.0
755.0,1441,5.0
171.0,2206,10.0
1436.0,845,4.0
1079.0,73,
1010.0,338,1.0
158.0,322,2.0
382.0,1229,11.0
2215.0,444,3.0
300.0,384,2.0
2144.0,308,3.0
1001.0,587,1.0
1109.0,1541,7.0
546.0,1257,2.0
161.0,609,1.0
1647.0,1059,5.0
128.0,392,11.0
959.0,1396,7.0
2045.0,434,3.0
807.0,1382,11.0
680.0,617,1.0
547.0,888,1.0
104.0,392,2.0
2013.0,130,3.0
698.0,1811,11.0
685.0,1369,7.0
468.0,891,2.0
605.0,1751,11.0
705.0,578,1.0
99.0,584,2.0
1982.0,135,3.0
1646.0,240,3.0
1729.0,915,11.0
1030.0,1610,7.0
656.0,843,1.0
583.0,1366,7.0
997.0,1091,1.0
1516.0,238,3.0
547.0,928,1.0
1367.0,677,4.0
1507.0,1109,11.0
1556.0,417,3.0
191.0,2184,10.0
1785.0,794,11.0
1486.0,652,4.0
1103.0,1555,7.0
1505.0,323,3.0
633.0,581,1.0
274.0,1034,1.0
1534.0,267,3.0
1430.0,218,3.0
180.0,604,2.0
23.0,2570,10.0
1244.0,604,11.0
227.0,872,2.0
27.0,2616,10.0
530.0,1369,7.0
1015.0,690,1.0
989.0,480,2.0
1885.0,687,11.0
867.0,984,1.0
2111.0,530,4.0
379.0,1229,1.0
1034.0,1519,5.0
1003.0,1256,1.0
478.0,1635,7.0
1071.0,178,2.0
25.0,1353,7.0
378.0,1546,11.0
474.0,632,1.0
1144.0,290,1.0
66.0,1207,1.0
1942.0,338,3.0
9.0,2055,10.0
13.0,2483,10.0
480.0,939,2.0
19.0,153,1.0
1096.5,192,2.0
2053.0,229,3.0
441.0,400,2.0
108.0,1645,7.0
827.0,363,11.0
1072.0,1211,1.0
137.0,1907,10.0
514.5,1494,7.0
1022.0,158,1.0
2041.0,553,11.0
1772.0,349,3.0
1401.0,499,2.0
212.0,487,1.0
121.0,2569,10.0
1255.0,216,3.0
934.0,1368,7.0
2097.0,460,11.0
870.0,1464,7.0
1113.0,1363,5.0
867.0,1150,1.0
434.0,443,2.0
1586.0,1033,5.0
1187.0,795,4.0
1566.0,722,4.0
2042.0,480,11.0
470.0,325,1.0
1832.0,788,1.0
5.0,1138,1.0
43.0,1036,1.0
2682.0,9,
262.0,1067,1.0
636.0,1618,7.0
477.0,345,1.0
46.0,365,1.0
231.0,707,1.0
733.0,1423,5.0
186.0,1920,10.0
527.0,1982,10.0
642.0,1042,1.0
1446.0,673,11.0
200.0,1376,11.0
657.0,1896,10.0
1895.0,584,4.0
1495.0,618,11.0
368.0,1786,7.0
815.0,744,1.0
1076.5,8,1.0
2396.0,173,3.0
890.0,724,1.0
254.0,1094,1.0
1200.0,432,3.0
987.0,1536,5.0
1424.0,724,11.0
2562.0,5,
255.0,2129,8.0
1908.0,59,
641.0,891,1.0
669.0,1086,11.0
753.0,1956,10.0
820.0,1824,11.0
1283.0,388,3.0
70.0,2174,10.0
210.0,1401,7.0
131.0,2137,7.0
278.0,1092,1.0
1587.0,350,3.0
472.0,1620,7.0
2108.0,104,4.0
1338.0,634,11.0
731.0,1336,1.0
1146.0,795,1.0
1510.0,502,11.0
792.0,963,1.0
1176.0,1042,11.0
180.0,1965,10.0
390.0,746,1.0
394.0,1098,1.0
1120.0,252,1.0
999.0,774,1.0
1381.0,1225,5.0
827.0,991,2.0
1914.0,297,3.0
872.0,569,1.0
254.0,2209,10.0
1580.0,341,3.0
1798.0,700,4.0
563.0,792,1.0
1553.0,464,4.0
1752.0,699,11.0
937.0,626,1.0
737.0,299,1.0
740.0,651,1.0
409.0,32,
1658.0,193,1.0
200.0,2033,10.0
764.0,823,1.0
1019.0,1323,1.0
1289.0,294,3.0
123.0,338,2.0
1579.0,798,4.0
1317.0,126,3.0
470.0,732,1.0
2445.0,98,1.0
1697.0,323,3.0
593.0,1234,1.0
1090.0,219,1.0
147.0,2470,10.0
567.0,1404,11.0
489.0,1800,7.0
913.0,339,2.0
480.0,1176,11.0
931.0,559,1.0
859.0,1470,7.0
164.0,1108,1.0
1441.0,99,
770.0,1139,2.0
1319.0,1057,4.0
597.0,642,1.0
1834.0,843,11.0
406.0,1809,7.0
169.0,1803,7.0
448.0,1652,7.0
884.0,269,1.0
519.0,1114,1.0
260.0,2093,10.0
906.0,634,2.0
1101.0,1588,5.0
134.0,1008,1.0
1085.0,911,1.0
147.0,1921,10.0
157.0,2051,10.0
1089.0,1083,1.0
788.0,319,1.0
1512.0,1009,5.0
1379.0,451,3.0
689.0,1971,10.0
1107.0,312,2.0
387.0,1815,7.0
1838.0,326,3.0
253.0,1141,11.0
598.0,1379,7.0
1457.0,362,3.0
1940.0,557,11.0
1900.0,168,3.0
198.0,1589,7.0
1881.0,747,11.0
1302.0,1131,11.0
383.0,197,1.0
41.0,2005,10.0
1160.0,1061,1.0
776.0,1366,5.0
210.0,827,1.0
501.0,2149,10.0
1187.0,1113,4.0
570.0,632,1.0
1035.0,1225,1.0
170.0,26,
1943.0,170,3.0
939.0,1753,5.0
1245.0,1421,5.0
32.0,2584,10.0
2307.0,147,3.0
668.0,470,1.0
743.0,985,1.0
2363.0,50,
725.0,1253,1.0
988.0,1133,1.0
155.0,217,1.0
88.0,2003,10.0
983.0,1705,5.0
209.0,1152,1.0
413.0,1555,11.0
181.0,2341,10.0
344.0,880,1.0
552.0,1395,11.0
2076.0,34,
1251.0,273,3.0
1574.0,300,3.0
1851.0,556,11.0
2128.0,371,3.0
78.0,162,1.0
184.0,1957,10.0
1559.0,1,
85.0,1526,7.0
1072.0,826,1.0
525.0,171,2.0
456.0,1251,1.0
1079.0,253,2.0
245.0,287,1.0
209.0,298,0.0
1474.0,396,3.0
733.0,773,1.0
948.0,1265,1.0
696.0,265,1.0
658.0,2042,10.0
758.0,323,1.0
361.0,2068,10.0
11.0,2270,10.0
96.0,1010,2.0
2342.0,14,
524.0,1541,11.0
129.0,1032,2.0
301.0,81,
1018.0,1664,7.0
988.0,169,2.0
316.0,721,11.0
470.0,2071,10.0
187.0,1093,1.0
2507.0,159,3.0
706.0,497,1.0
161.0,1179,1.0
848.0,1170,1.0
610.0,625,11.0
394.0,1337,1.0
954.0,1041,2.0
1410.0,12,
313.0,1660,7.0
636.0,2041,10.0
382.0,1975,10.0
984.0,317,1.0
1270.0,362,3.0
741.0,0,1.0
646.0,1732,7.0
743.0,97,
116.0,1978,10.0
598.0,1969,10.0
1083.0,97,
598.0,190,2.0
526.0,1973,10.0
132.0,1393,7.0
196.0,1632,7.0
815.0,989,1.0
1628.0,246,3.0
1390.0,1163,11.0
1181.0,292,1.0
723.0,192,11.0
1745.0,380,3.0
1653.0,195,3.0
627.0,1154,1.0
682.0,628,1.0
1108.0,1128,1.0
2532.0,171,3.0
946.0,1457,11.0
335.0,987,2.0
427.0,486,1.0
940.0,162,1.0
1301.0,610,4.0
136.0,1929,8.0
575.0,1921,10.0
65.0,1180,1.0
97.0,1377,7.0
885.0,1516,7.0
190.0,1298,1.0
254.0,2241,10.0
540.0,986,1.0
1317.0,28,
116.0,2307,11.0
987.0,1441,5.0
348.0,1023,2.0
887.0,1560,7.0
1678.0,343,3.0
333.0,2268,10.0
454.0,1286,1.0
1206.0,1436,5.0
1343.0,1132,11.0
2133.0,466,4.0
1091.0,3,
846.0,29,
2281.0,197,1.0
1171.0,615,1.0
32.0,2508,10.0
2262.0,7,
1523.0,264,3.0
35.0,1237,1.0
414.0,1564,7.0
387.0,1033,1.0
342.0,2334,10.0
2194.0,494,2.0
1016.0,1586,7.0
698.0,536,1.0
261.0,1752,11.0
1037.0,320,11.0
413.0,251,2.0
1276.0,860,11.0
212.0,1565,7.0
1224.0,1153,4.0
1682.0,574,4.0
1139.0,366,1.0
1244.0,224,3.0
2138.0,154,3.0
508.0,130,1.0
1819.0,241,3.0
97.0,558,1.0
897.0,843,2.0
447.0,2126,10.0
816.0,1753,7.0
1868.0,164,3.0
379.0,1588,7.0
238.0,1233,11.0
1726.0,723,4.0
581.0,626,1.0
1630.0,322,3.0
1310.0,1325,11.0
665.0,437,1.0
10.0,879,1.0
807.0,1644,5.0
1324.0,3,
1041.0,290,1.0
607.0,1264,2.0
1070.0,216,1.0
1756.0,503,11.0
1320.0,1013,11.0
598.0,539,1.0
57.0,1703,7.0
511.0,1064,1.0
1096.0,274,1.0
1191.0,734,11.0
1033.0,1400,5.0
37.0,683,1.0
2053.0,485,11.0
452.0,466,1.0
866.0,842,11.0
433.0,627,1.0
721.0,483,1.0
147.0,1702,7.0
1961.0,488,11.0
525.0,1633,7.0
26.0,1177,2.0
1419.0,648,11.0
199.0,1635,7.0
644.0,393,2.0
1889.0,577,4.0
2037.0,77,
2367.0,297,3.0
748.0,1225,1.0
254.0,1670,7.0
861.0,1470,5.0
223.0,2259,8.0
1124.0,559,1.0
1265.0,209,3.0
904.0,1528,5.0
676.0,912,2.0
2012.0,364,3.0
245.0,38,
1847.0,246,3.0
895.0,770,1.0
1586.0,841,4.0
210.0,993,2.0
663.0,1833,7.0
192.0,7,3.0
1007.0,1514,7.0
1627.0,989,5.0
165.0,1538,11.0
967.0,423,2.0
815.0,1635,7.0
363.0,1883,10.0
1917.0,147,3.0
548.0,704,2.0
644.0,415,1.0
114.0,468,1.0
146.0,1898,10.0
457.0,1611,7.0
276.0,2276,10.0
1129.0,1209,1.0
16.0,326,1.0
521.0,1922,10.0
1630.0,392,3.0
1244.0,684,11.0
456.0,1491,7.0
335.0,580,1.0
1009.0,1516,7.0
396.0,984,1.0
1070.0,1355,11.0
737.0,799,1.0
1333.0,649,11.0
175.0,1947,10.0
473.0,1061,1.0
1366.0,99,
1346.0,794,11.0
972.0,1030,11.0
1738.0,474,4.0
17.0,51,
62.31578947368421,287,1.0
9.5,144,1.0
36.0,184,0.0
44.0,176,1.0
56.0,180,2.0
7.0,60,
60.85,241,1.0
57.404761904761905,258,1.0
59.525,298,1.0
13.0,183,1.0
47.87755102040816,286,1.0
33.0,183,1.0
17.0,48,
7.0,191,1.0
72.78787878787878,292,1.0
9.0,0,
17.5,194,1.0
51.644444444444446,318,1.0
16.0,187,1.0
18.666666666666668,180,1.0
18.0,177,1.0
34.0,188,1.0
52.69565217391305,252,1.0
21.0,173,1.0
14.0,147,1.0
14.0,177,1.0
12.0,153,2.0
11.0,204,1.0
43.0,183,0.0
58.1219512195122,273,1.0
56.27906976744186,243,1.0
11.0,7,
53.93023255813954,278,2.0
63.27272727272727,591,1.0
60.18421052631579,322,1.0
20.5,187,1.0
27.0,185,1.0
52.13636363636363,259,1.0
57.95238095238095,255,1.0
10.0,214,2.0
15.0,5,
47.92,268,1.0
50.333333333333336,243,1.0
53.06976744186046,362,1.0
67.375,450,1.0
17.0,203,2.0
69.05882352941177,287,1.0
56.80952380952381,252,1.0
59.53846153846154,293,1.0
53.266666666666666,272,1.0
47.816326530612244,279,1.0
48.645833333333336,256,1.0
1.0,231,2.0
53.95238095238095,282,1.0
31.0,169,1.0
63.285714285714285,461,1.0
71.0,168,1.0
49.91489361702128,267,1.0
58.166666666666664,240,1.0
16.5,193,1.0
55.15,319,1.0
29.5,169,1.0
53.93181818181818,314,1.0
42.0,192,2.0
8.0,145,1.0
5.0,27,
36.0,179,1.0
22.5,192,2.0
9.0,31,
15.0,185,1.0
50.4375,243,1.0
10.5,207,2.0
12.0,201,1.0
47.0,243,1.0
11.0,144,0.0
63.0,168,2.0
50.82608695652174,336,1.0
50.97727272727273,304,2.0
67.5,266,1.0
54.0,179,1.0
30.0,171,1.0
8.0,182,1.0
21.0,50,
0.0,191,0.0
52.13333333333333,289,1.0
45.886792452830186,254,1.0
12.0,187,1.0
9.0,176,0.0
52.56521739130435,269,1.0
41.10344827586207,247,1.0
24.5,168,11.0
34.0,79,
54.23255813953488,334,1.0
33.0,180,2.0
56.41463414634146,360,1.0
71.5625,245,1.0
9.0,50,
9.5,199,1.0
21.0,168,0.0
10.0,217,0.0
49.906976744186046,506,1.0
42.0,195,1.0
12.0,194,1.0
56.292682926829265,362,2.0
63.0,170,1.0
68.28571428571429,288,1.0
62.05128205128205,269,1.0
54.56818181818182,253,1.0
51.659574468085104,254,1.0
9.5,177,1.0
17.0,148,1.0
49.93333333333333,306,1.0
50.1875,261,1.0
51.212765957446805,278,1.0
23.0,175,0.0
21.0,189,11.0
57.714285714285715,256,1.0
32.0,168,1.0
13.0,53,
44.24074074074074,290,1.0
33.0,184,1.0
17.0,178,2.0
18.5,188,1.0
18.333333333333332,176,2.0
17.0,144,1.0
7.0,225,1.0
56.06976744186046,266,1.0
59.707317073170735,240,1.0
12.666666666666666,196,1.0
53.53488372093023,370,1.0
49.08695652173913,283,1.0
29.0,189,1.0
58.8,241,1.0
50.0625,252,1.0
27.0,173,0.0
59.75675675675676,364,1.0
59.38461538461539,279,1.0
55.30232558139535,260,1.0
56.36585365853659,293,1.0
4.0,183,1.0
14.5,195,2.0
53.0,182,2.0
26.0,178,0.0
23.0,194,1.0
37.0,79,
32.0,169,1.0
56.78048780487805,245,1.0
54.63636363636363,278,1.0
15.666666666666666,184,2.0
28.0,194,0.0
5.0,189,1.0
5.0,215,1.0
12.0,29,
15.0,219,0.0
26.0,209,1.0
54.0,241,1.0
14.0,145,1.0
14.0,5,
65.91428571428571,321,1.0
52.67391304347826,262,1.0
52.888888888888886,242,2.0
5.5,172,2.0
44.0,173,2.0
16.0,179,2.0
9.0,155,0.0
57.76190476190476,241,1.0
19.0,178,1.0
56.523809523809526,274,1.0
58.69230769230769,382,1.0
38.0,194,1.0
6.0,181,1.0
15.5,181,1.0
51.09090909090909,296,1.0
51.93333333333333,347,1.0
55.214285714285715,262,1.0
61.31578947368421,270,1.0
15.5,183,1.0
68.3529411764706,288,1.0
27.5,169,0.0
64.97222222222223,286,1.0
32.0,189,1.0
60.24324324324324,351,1.0
13.0,190,0.0
11.0,58,
13.0,153,0.0
11.0,104,
15.5,168,2.0
14.0,168,0.0
60.21052631578947,241,1.0
27.5,176,1.0
5.0,172,2.0
45.0,168,2.0
63.39473684210526,267,1.0
51.86666666666667,323,1.0
27.0,172,1.0
75.80645161290323,321,1.0
33.0,190,1.0
48.7,243,1.0
32.0,206,2.0
55.13953488372093,298,1.0
37.0,186,0.0
12.0,151,1.0
55.926829268292686,240,1.0
6.0,92,
18.0,172,1.0
81.85714285714286,387,1.0
36.0,190,1.0
51.2,264,1.0
62.921052631578945,299,1.0
57.0,314,1.0
46.0,193,1.0
56.829268292682926,283,1.0
19.0,210,0.0
31.0,168,1.0
46.0,193,2.0
53.06666666666667,281,1.0
51.1063829787234,253,1.0
55.52272727272727,246,1.0
54.25581395348837,353,1.0
59.0,176,2.0
39.81666666666667,256,1.0
10.0,2,
11.0,169,2.0
57.23809523809524,282,1.0
49.520833333333336,305,1.0
23.0,208,2.0
13.0,189,1.0
24.5,173,0.0
28.0,177,1.0
28.0,193,0.0
66.86111111111111,271,1.0
2.0,39,
54.44186046511628,320,1.0
50.319148936170215,300,1.0
26.0,195,1.0
46.1,361,1.0
47.529411764705884,253,1.0
67.0,170,1.0
59.351351351351354,436,1.0
69.6,254,1.0
19.0,219,1.0
84.14814814814815,398,1.0
48.42857142857143,286,1.0
30.0,176,1.0
27.0,172,11.0
45.67307692307692,299,1.0
21.0,211,0.0
47.0,170,1.0
56.0,173,1.0
14.333333333333334,191,0.0
26.0,188,2.0
17.5,197,0.0
29.0,208,0.0
15.0,52,
60.225,250,1.0
43.509433962264154,324,1.0
7.0,53,
57.951219512195124,243,1.0
22.5,177,1.0
16.5,176,2.0
50.02127659574468,334,1.0
57.5,354,1.0
47.6,379,1.0
54.79545454545455,268,1.0
68.48484848484848,370,1.0
52.81818181818182,324,1.0
16.0,50,
7.0,148,2.0
13.0,208,1.0
58.170731707317074,246,1.0
35.0,179,2.0
59.125,318,1.0
43.0,194,2.0
48.64,255,1.0
34.0,170,1.0
40.0,169,1.0
8.0,49,
43.05357142857143,251,1.0
65.0,168,11.0
65.38888888888889,297,1.0
25.5,172,0.0
62.83783783783784,349,1.0
42.0,196,2.0
9.0,88,
3.0,37,
53.08888888888889,239,1.0
54.18181818181818,275,1.0
53.906976744186046,304,1.0
62.73684210526316,280,1.0
10.0,213,0.0
40.0,171,1.0
15.0,199,11.0
23.5,187,11.0
47.2,267,1.0
34.0,77,
24.0,204,11.0
56.58536585365854,256,1.0
9.0,60,
18.0,207,1.0
2.0,61,
68.14285714285714,270,1.0
22.0,211,1.0
14.0,206,2.0
49.520833333333336,264,1.0
14.5,192,1.0
58.794871794871796,277,1.0
69.5,291,1.0
58.717948717948715,292,1.0
26.0,179,1.0
16.0,184,1.0
9.5,170,2.0
29.0,201,2.0
42.357142857142854,266,1.0
18.0,171,1.0
11.0,50,
67.58333333333333,245,1.0
9.0,196,1.0
52.52272727272727,327,1.0
61.175,244,1.0
56.75609756097561,278,1.0
9.0,152,1.0
17.5,195,1.0
7.0,194,2.0
2.0,5,
47.46938775510204,358,1.0
24.0,171,1.0
10.0,201,1.0
53.0,246,1.0
49.583333333333336,277,1.0
50.108695652173914,270,1.0
58.146341463414636,290,1.0
11.0,225,11.0
44.55555555555556,263,1.0
5.0,150,2.0
46.36538461538461,254,1.0
49.10204081632653,255,1.0
9.0,57,
66.88888888888889,267,1.0
50.95744680851064,251,1.0
49.55555555555556,461,2.0
16.0,146,11.0
7.0,153,2.0
11.0,148,1.0
51.59574468085106,258,1.0
33.0,196,11.0
6.0,204,0.0
50.93478260869565,299,2.0
4.0,62,
20.0,210,1.0
6.0,110,
30.5,176,1.0
51.31111111111111,289,1.0
55.325581395348834,275,1.0
8.0,150,1.0
55.8,380,1.0
43.907407407407405,285,1.0
9.0,0,
52.30434782608695,253,1.0
49.38775510204081,264,1.0
67.13888888888889,242,1.0
53.86046511627907,255,1.0
48.93478260869565,422,1.0
24.0,182,0.0
55.904761904761905,257,1.0
22.5,193,1.0
64.54285714285714,251,1.0
20.0,200,1.0
59.95,272,1.0
49.57142857142857,242,1.0
54.13333333333333,248,1.0
9.0,150,2.0
54.5,261,1.0
34.0,204,0.0
77.16666666666667,241,1.0
3.0,51,
49.91489361702128,318,1.0
32.0,173,1.0
30.5,169,1.0
13.0,211,1.0
46.0,172,0.0
61.97435897435897,161,1.0
33.0,172,1.0
19.0,219,0.0
70.0,168,1.0
73.0625,252,1.0
8.5,182,1.0
55.2093023255814,268,1.0
7.0,145,1.0
66.0,260,1.0
73.0,270,1.0
21.0,171,0.0
57.785714285714285,242,1.0
13.0,151,1.0
10.0,186,2.0
29.0,194,1.0
54.13333333333333,244,1.0
62.55555555555556,395,1.0
19.333333333333332,173,1.0
51.51063829787234,265,1.0
55.69767441860465,260,1.0
62.81578947368421,292,1.0
58.853658536585364,253,1.0
49.06122448979592,266,1.0
19.5,191,1.0
20.5,173,1.0
26.0,176,2.0
25.0,182,1.0
51.71111111111111,320,1.0
10.666666666666666,190,0.0
7.0,187,11.0
68.0,170,2.0
57.567567567567565,528,1.0
47.93877551020408,287,1.0
54.63414634146341,354,1.0
51.21739130434783,241,1.0
57.0,318,1.0
41.0,194,2.0
31.0,172,2.0
61.3421052631579,325,1.0
61.18421052631579,348,1.0
52.0,185,1.0
16.0,149,2.0
46.94,306,1.0
11.5,196,1.0
21.0,192,2.0
61.65714285714286,491,2.0
17.0,219,0.0
50.479166666666664,260,1.0
52.0,297,1.0
60.0,176,1.0
0.0,158,0.0
51.0,181,2.0
58.4390243902439,297,1.0
52.369565217391305,241,1.0
46.96078431372549,286,1.0
11.0,175,1.0
49.340425531914896,244,1.0
53.0,283,1.0
56.83720930232558,184,1.0
80.6896551724138,318,1.0
42.0,248,1.0
5.0,49,
8.0,206,0.0
54.31707317073171,360,1.0
8.0,155,1.0
52.06521739130435,288,1.0
63.972972972972975,263,1.0
27.0,168,0.0
50.06382978723404,325,2.0
55.69767441860465,269,1.0
56.73809523809524,274,1.0
50.70454545454545,263,1.0
29.0,202,1.0
62.0,260,1.0
15.666666666666666,187,1.0
20.0,175,1.0
48.108695652173914,432,1.0
14.0,173,1.0
5.0,211,2.0
47.3921568627451,261,1.0
13.0,188,1.0
51.108695652173914,285,2.0
7.0,15,
55.88095238095238,301,1.0
16.0,218,1.0
4.0,182,2.0
22.0,190,1.0
52.41304347826087,270,1.0
50.765957446808514,295,1.0
59.21951219512195,244,2.0
12.5,213,11.0
15.0,219,0.0
64.35135135135135,261,1.0
15.25,173,1.0
53.04651162790697,374,1.0
51.04255319148936,288,1.0
49.083333333333336,313,1.0
54.833333333333336,341,1.0
18.0,49,
49.3469387755102,252,1.0
66.38888888888889,265,1.0
6.0,49,
7.0,151,2.0
11.5,191,1.0
15.0,151,1.0
57.4390243902439,277,1.0
48.625,286,1.0
24.0,172,1.0
15.0,187,1.0
54.31818181818182,269,1.0
8.0,48,
64.5,313,1.0
19.0,172,11.0
51.44444444444444,322,1.0
23.0,187,1.0
56.073170731707314,371,1.0
13.0,149,2.0
8.0,215,1.0
45.264150943396224,249,1.0
64.54054054054055,260,1.0
69.65714285714286,249,1.0
10.0,1,
47.529411764705884,243,1.0
59.61538461538461,310,1.0
54.093023255813954,359,1.0
45.51063829787234,410,1.0
53.2,274,1.0
16.0,204,1.0
6.5,51,
49.95744680851064,278,1.0
18.0,178,0.0
7.0,49,
7.0,197,0.0
60.333333333333336,520,1.0
47.54,248,1.0
50.234042553191486,243,1.0
4.0,157,2.0
12.666666666666666,195,0.0
16.0,179,11.0
25.0,198,1.0
52.69565217391305,258,1.0
72.60606060606061,245,1.0
58.04761904761905,244,1.0
4.0,150,11.0
20.0,183,11.0
27.0,173,1.0
41.0,196,0.0
54.13636363636363,276,1.0
10.0,108,
48.354166666666664,285,1.0
10.0,216,1.0
63.2972972972973,310,1.0
76.66666666666667,300,1.0
30.0,196,2.0
26.5,176,1.0
59.68421052631579,244,1.0
19.0,196,1.0
62.05128205128205,242,1.0
55.69767441860465,266,1.0
51.77777777777778,325,1.0
16.0,172,1.0
63.189189189189186,276,2.0
52.53333333333333,245,1.0
19.0,212,0.0
8.0,154,0.0
16.0,217,1.0
49.702127659574465,240,1.0
61.28947368421053,268,1.0
17.0,48,
12.333333333333334,192,1.0
58.26829268292683,286,1.0
53.80952380952381,313,1.0
67.5,248,1.0
10.0,173,0.0
25.0,203,1.0
19.0,213,1.0
58.794871794871796,312,1.0
17.333333333333332,170,2.0
52.90909090909091,296,1.0
22.5,193,1.0
53.0,178,1.0
10.0,4,
7.0,185,2.0
26.0,192,1.0
53.02173913043478,251,1.0
57.90243902439025,265,1.0
28.0,170,1.0
15.0,53,
3.0,197,1.0
56.627906976744185,247,1.0
37.0,176,1.0
17.0,202,1.0
51.955555555555556,255,1.0
21.0,25,
62.83783783783784,262,1.0
45.0,177,11.0
30.0,202,0.0
66.94444444444444,242,1.0
32.0,203,11.0
32.0,205,1.0
9.5,220,0.0
65.38888888888889,242,1.0
59.5,305,1.0
58.95,263,1.0
72.58064516129032,318,1.0
3.0,157,0.0
47.59574468085106,365,1.0
8.0,2,
3.0,189,2.0
58.28947368421053,336,1.0
26.0,183,1.0
5.0,50,
7.0,2,
50.0,264,1.0
13.0,151,0.0
13.0,147,11.0
54.69767441860465,330,1.0
9.0,50,
66.27027027027027,214,1.0
8.0,177,2.0
51.1063829787234,258,1.0
4.0,196,2.0
7.0,73,
54.83720930232558,283,1.0
65.66666666666667,276,1.0
63.526315789473685,264,1.0
43.37735849056604,300,1.0
48.958333333333336,258,1.0
20.0,194,2.0
52.95348837209303,301,1.0
56.404761904761905,265,1.0
43.01851851851852,322,1.0
24.0,175,0.0
7.0,185,1.0
8.0,203,0.0
23.5,172,2.0
11.0,207,11.0
55.785714285714285,276,1.0
19.0,180,1.0
58.825,295,1.0
56.595238095238095,278,1.0
46.6078431372549,285,1.0
18.0,29,
86.51851851851852,341,1.0
11.0,55,
58.925,313,1.0
19.0,185,1.0
52.59090909090909,321,1.0
20.0,214,2.0
51.82608695652174,278,1.0
50.8125,242,1.0
30.5,174,1.0
62.743589743589745,243,1.0
9.5,203,2.0
40.0,171,0.0
15.0,202,0.0
15.0,213,1.0
40.0,175,0.0
15.0,146,2.0
70.33333333333333,324,1.0
51.79545454545455,297,1.0
26.5,184,1.0
7.0,195,1.0
17.0,201,2.0
41.285714285714285,309,1.0
52.08695652173913,266,1.0
16.0,175,0.0
48.808510638297875,388,1.0
50.57446808510638,278,1.0
56.8,292,1.0
5.0,157,1.0
57.525,355,1.0
4.0,150,1.0
48.63265306122449,268,1.0
65.97297297297297,245,1.0
53.71111111111111,258,1.0
69.0,168,1.0
16.0,189,1.0
14.0,4,
13.0,5,
12.5,187,1.0
17.666666666666668,185,2.0
62.61538461538461,248,1.0
9.0,188,1.0
48.91836734693877,283,1.0
53.666666666666664,341,1.0
7.0,183,0.0
10.0,189,2.0
10.0,224,1.0
16.0,145,2.0
33.0,188,0.0
19.5,168,0.0
57.21951219512195,331,1.0
75.16666666666667,281,1.0
36.0,175,1.0
27.5,173,1.0
21.0,180,2.0
55.36842105263158,528,1.0
40.67796610169491,246,1.0
51.12765957446808,241,1.0
48.42553191489362,268,1.0
43.58490566037736,318,1.0
44.09615384615385,349,1.0
10.0,186,2.0
48.18,276,2.0
15.5,192,2.0
49.375,241,1.0
12.0,53,
9.0,172,11.0
48.18,241,1.0
50.5531914893617,242,1.0
48.0,178,0.0
47.35294117647059,248,1.0
15.0,203,1.0
45.51923076923077,296,1.0
47.89795918367347,246,1.0
6.0,1,
9.0,155,0.0
49.43478260869565,366,1.0
7.0,186,11.0
13.0,224,11.0
14.0,151,2.0
8.0,171,1.0
11.0,185,2.0
60.05,260,1.0
9.0,210,1.0
64.13157894736842,242,1.0
17.0,148,11.0
18.5,176,1.0
6.0,49,
61.921052631578945,316,1.0
35.0,188,1.0
7.0,151,2.0
29.0,177,2.0
34.0,168,1.0
48.48,241,1.0
8.0,147,1.0
16.0,185,2.0
50.18421052631579,652,1.0
57.390243902439025,302,1.0
18.0,192,1.0
25.0,204,2.0
57.666666666666664,242,1.0
37.0,193,1.0
53.63636363636363,285,1.0
6.0,5,
63.6578947368421,255,1.0
15.0,180,0.0
63.0,170,11.0
28.0,170,1.0
13.0,193,1.0
10.0,170,1.0
15.0,49,
51.91489361702128,245,1.0
69.0,260,1.0
14.0,178,1.0
16.0,2,
16.0,3,
54.627906976744185,269,1.0
55.23255813953488,247,1.0
13.5,195,1.0
71.0,339,1.0
51.6,321,1.0
46.7906976744186,675,1.0
21.0,1,
60.725,240,1.0
30.0,208,0.0
18.0,182,1.0
19.5,187,1.0
17.0,199,1.0
51.61702127659574,240,1.0
42.0,172,2.0
51.54545454545455,325,1.0
55.404761904761905,245,1.0
48.0,170,1.0
9.5,72,
60.05,263,1.0
11.0,220,0.0
56.27906976744186,248,1.0
27.0,169,1.0
54.76744186046512,253,1.0
15.25,170,0.0
55.833333333333336,323,1.0
9.0,48,
5.0,183,1.0
35.0,175,2.0
7.0,173,1.0
21.0,194,0.0
41.0,182,1.0
50.65217391304348,288,1.0
48.0,169,0.0
25.0,79,
14.0,149,1.0
10.0,206,1.0
10.0,3,
58.58536585365854,244,1.0
48.87234042553192,241,1.0
14.0,49,
10.0,145,0.0
69.20588235294117,277,1.0
61.16216216216216,365,1.0
18.0,187,1.0
10.0,52,
6.5,5,
66.76470588235294,341,1.0
68.0,169,11.0
40.0,193,1.0
50.62222222222222,389,1.0
55.18181818181818,261,1.0
6.0,157,11.0
62.1578947368421,241,1.0
18.5,193,2.0
40.62068965517241,274,1.0
16.0,74,
16.0,0,
8.0,195,1.0
61.05128205128205,244,1.0
54.95348837209303,299,1.0
66.73529411764706,309,1.0
26.0,186,1.0
46.90196078431372,287,1.0
39.0,174,2.0
15.0,53,
19.0,190,1.0
55.81395348837209,269,1.0
27.0,168,2.0
24.5,173,0.0
14.0,188,2.0
57.925,264,1.0
13.0,182,1.0
64.29729729729729,310,1.0
8.0,217,2.0
6.5,203,1.0
54.093023255813954,354,1.0
52.67391304347826,245,1.0
48.95918367346939,253,1.0
47.13725490196079,263,1.0
20.0,195,1.0
45.82692307692308,257,1.0
33.0,201,11.0
11.0,168,11.0
40.728813559322035,243,1.0
40.0,182,1.0
51.744680851063826,260,1.0
15.0,210,1.0
64.70270270270271,255,1.0
38.0,195,1.0
54.76744186046512,268,1.0
51.12765957446808,256,1.0
20.5,154,1.0
80.16666666666667,287,1.0
15.0,206,2.0
11.0,2,
15.0,204,0.0
55.41860465116279,242,1.0
68.34285714285714,241,1.0
45.88235294117647,333,1.0
16.0,191,0.0
41.92727272727273,283,1.0
25.0,204,2.0
40.870370370370374,265,1.0
34.0,193,2.0
7.0,148,2.0
24.5,168,2.0
21.0,171,1.0
4.0,230,1.0
20.0,172,1.0
15.0,27,
12.0,204,1.0
5.0,170,1.0
28.0,211,1.0
23.0,196,1.0
37.0,192,11.0
38.0,182,2.0
43.51851851851852,266,1.0
13.0,50,
8.0,10,
67.14285714285714,245,1.0
20.0,177,2.0
14.0,93,
12.5,195,1.0
56.325581395348834,254,1.0
8.0,47,
51.0,182,1.0
22.0,168,0.0
62.17948717948718,250,1.0
57.30952380952381,282,1.0
62.083333333333336,326,1.0
25.5,169,1.0
10.0,173,1.0
24.0,201,0.0
6.0,154,0.0
18.5,168,0.0
41.0,198,1.0
82.85714285714286,371,1.0
26.0,172,1.0
2.0,215,2.0
22.0,199,1.0
13.0,218,0.0
10.0,152,1.0
56.54761904761905,315,1.0
49.13333333333333,290,1.0
6.0,187,1.0
47.3921568627451,264,1.0
49.97872340425532,306,1.0
48.833333333333336,328,1.0
8.0,185,1.0
8.0,51,
45.06,276,1.0
41.0,184,0.0
10.0,219,2.0
61.43589743589744,261,1.0
64.2,264,1.0
32.0,194,2.0
64.05882352941177,378,1.0
56.68292682926829,281,1.0
23.5,174,1.0
40.410714285714285,406,1.0
56.88095238095238,244,1.0
44.86274509803921,297,1.0
59.95,286,1.0
42.0,185,1.0
17.0,194,2.0
46.0,188,2.0
20.0,171,2.0
37.0,186,2.0
71.0909090909091,336,1.0
47.244897959183675,256,1.0
58.175,291,1.0
56.83720930232558,244,1.0
4.0,158,2.0
50.666666666666664,337,1.0
50.0,185,0.0
50.291666666666664,258,1.0
56.0,171,1.0
13.0,206,1.0
48.795918367346935,259,1.0
69.82857142857142,240,1.0
57.73809523809524,245,1.0
51.95454545454545,360,1.0
64.05555555555556,240,1.0
71.57575757575758,301,1.0
22.0,187,1.0
24.0,192,11.0
14.0,191,1.0
46.1764705882353,254,1.0
39.0,185,1.0
63.729729729729726,246,1.0
13.0,7,
60.43589743589744,251,1.0
52.46666666666667,259,1.0
56.166666666666664,325,1.0
57.7,313,1.0
58.68292682926829,249,1.0
62.138888888888886,323,1.0
18.0,2,
47.0,146,2.0
49.714285714285715,254,1.0
26.0,191,0.0
17.0,3,
17.5,181,0.0
24.0,193,2.0
52.26086956521739,287,1.0
10.5,179,0.0
63.0,170,0.0
21.0,176,1.0
45.0,187,1.0
9.0,60,
76.73333333333333,378,1.0
58.166666666666664,245,1.0
13.333333333333334,169,1.0
51.81818181818182,346,1.0
16.0,184,2.0
30.0,208,2.0
64.17647058823529,325,1.0
55.674418604651166,270,1.0
58.94871794871795,268,1.0
40.0,194,2.0
88.74074074074075,299,1.0
49.142857142857146,257,1.0
15.0,52,
51.02173913043478,336,1.0
55.06818181818182,257,1.0
16.0,179,0.0
6.5,191,1.0
45.6078431372549,283,1.0
16.0,218,1.0
13.0,182,1.0
14.0,189,1.0
64.17142857142858,403,1.0
58.19512195121951,298,1.0
56.13953488372093,247,1.0
63.432432432432435,333,1.0
14.0,201,1.0
24.0,170,1.0
58.0,171,0.0
51.5,279,1.0
16.5,183,1.0
62.921052631578945,281,1.0
55.093023255813954,268,1.0
63.1578947368421,272,1.0
23.0,192,1.0
59.91891891891892,247,1.0
68.24242424242425,434,1.0
67.74285714285715,250,1.0
53.0,168,0.0
61.30769230769231,301,1.0
28.0,190,1.0
28.0,210,0.0
18.5,171,1.0
55.023809523809526,268,1.0
54.404761904761905,365,1.0
28.0,196,1.0
5.0,226,1.0
8.0,157,1.0
51.06521739130435,316,1.0
58.04761904761905,255,1.0
60.81578947368421,289,1.0
53.714285714285715,295,1.0
47.90196078431372,241,1.0
3.0,53,
57.19047619047619,275,1.0
19.0,185,1.0
46.520833333333336,330,1.0
30.0,169,1.0
57.0,174,11.0
57.09756097560975,341,1.0
60.10526315789474,272,1.0
72.71875,352,1.0
15.0,73,
59.390243902439025,247,1.0
62.24324324324324,337,1.0
46.673469387755105,350,1.0
45.98,323,1.0
14.0,212,0.0
42.75438596491228,247,1.0
50.93617021276596,264,1.0
68.91428571428571,246,1.0
71.3030303030303,273,1.0
7.5,147,0.0
47.333333333333336,407,1.0
20.0,144,11.0
52.47826086956522,266,1.0
11.0,187,1.0
4.5,182,1.0
9.0,217,1.0
4.0,183,0.0
7.5,200,1.0
27.0,177,0.0
14.0,191,1.0
25.0,188,1.0
66.68571428571428,295,1.0
50.479166666666664,254,1.0
65.37142857142857,333,1.0
47.54,277,1.0
38.0,169,1.0
17.666666666666668,172,1.0
57.02439024390244,338,1.0
56.142857142857146,310,1.0
48.6530612244898,275,1.0
17.0,214,1.0
46.13461538461539,256,1.0
18.0,171,1.0
46.52,329,1.0
75.06451612903226,289,1.0
42.72727272727273,241,1.0
46.6078431372549,299,1.0
48.92,240,1.0
44.84313725490196,334,1.0
15.0,99,
19.0,175,2.0
11.5,199,0.0
34.0,193,1.0
43.22641509433962,253,1.0
21.0,179,11.0
54.26315789473684,380,1.0
54.09090909090909,277,1.0
66.0,172,1.0
33.0,173,1.0
63.94736842105263,244,1.0
47.36734693877551,274,1.0
54.44186046511628,317,1.0
8.0,208,1.0
8.0,191,1.0
25.0,197,0.0
64.17142857142858,269,1.0
69.56666666666666,548,1.0
19.0,49,
60.075,286,1.0
26.0,168,1.0
55.325581395348834,272,1.0
43.0,187,1.0
11.0,26,
54.355555555555554,243,1.0
19.0,77,
9.0,60,
13.0,153,11.0
14.333333333333334,193,1.0
4.0,183,1.0
22.0,196,1.0
49.708333333333336,279,1.0
58.41025641025641,410,1.0
25.5,186,1.0
48.86,242,1.0
23.0,172,11.0
21.5,181,0.0
8.0,63,
10.0,185,1.0
5.0,169,1.0
15.0,213,0.0
54.02325581395349,291,1.0
3.0,231,1.0
13.0,57,
50.04347826086956,303,1.0
45.56603773584906,245,1.0
51.0,171,1.0
44.0,172,2.0
10.5,87,
52.904761904761905,313,2.0
33.0,180,1.0
51.51063829787234,242,1.0
57.073170731707314,330,1.0
77.19354838709677,300,1.0
54.86842105263158,352,1.0
48.369565217391305,337,1.0
47.88,284,1.0
25.0,189,1.0
12.5,182,1.0
50.75,241,1.0
49.416666666666664,285,1.0
25.0,172,1.0
24.0,197,1.0
33.0,168,2.0
62.714285714285715,459,1.0
53.69767441860465,317,1.0
7.0,230,1.0
48.265306122448976,262,1.0
50.45652173913044,351,1.0
20.0,0,
26.0,81,
58.575,279,1.0
53.65909090909091,325,1.0
55.06818181818182,244,1.0
53.15555555555556,246,1.0
6.0,197,1.0
45.075471698113205,265,1.0
15.666666666666666,187,1.0
49.270833333333336,241,1.0
63.108108108108105,291,1.0
10.0,144,1.0
47.76,248,1.0
5.0,168,2.0
8.0,9,
41.0,75,
15.0,96,
47.30612244897959,249,1.0
74.34375,242,1.0
44.0,272,1.0
42.836363636363636,317,1.0
4.0,158,1.0
47.73076923076923,197,1.0
11.0,178,1.0
46.35294117647059,259,1.0
19.5,188,1.0
43.0,171,0.0
10.0,173,1.0
25.0,192,1.0
50.3125,241,1.0
53.7,361,1.0
34.0,205,2.0
68.61764705882354,270,2.0
17.0,197,1.0
40.175438596491226,293,1.0
13.0,182,1.0
21.0,173,11.0
17.666666666666668,177,1.0
19.0,187,1.0
6.0,193,0.0
42.0,172,1.0
25.0,195,1.0
13.0,145,2.0
10.0,194,1.0
63.7027027027027,257,1.0
53.24390243902439,310,1.0
58.0,177,1.0
6.0,220,1.0
58.785714285714285,155,1.0
25.0,79,
62.71052631578947,309,1.0
20.0,173,1.0
42.0,176,11.0
2.0,151,11.0
46.0,187,1.0
20.0,50,
11.0,170,1.0
39.0,199,2.0
32.0,171,1.0
53.46511627906977,312,1.0
51.25581395348837,246,1.0
42.0,72,
44.705882352941174,347,1.0
19.0,180,1.0
53.53658536585366,445,1.0
47.0,174,0.0
26.0,192,2.0
14.0,193,1.0
65.43243243243244,272,1.0
48.0,183,11.0
29.0,174,1.0
25.5,181,1.0
19.0,211,1.0
35.701492537313435,253,1.0
25.5,169,2.0
37.301587301587304,295,1.0
62.891891891891895,360,1.0
2.0,172,2.0
10.0,153,2.0
55.0,169,1.0
65.37142857142857,263,1.0
19.666666666666668,178,1.0
34.0,188,2.0
27.0,173,2.0
26.0,200,2.0
38.0,168,2.0
48.83673469387755,241,1.0
52.022222222222226,347,1.0
22.0,202,1.0
46.0,182,0.0
7.0,63,
37.0,171,0.0
6.0,203,11.0
24.5,171,1.0
50.57446808510638,254,1.0
60.39473684210526,244,1.0
48.142857142857146,317,1.0
47.35294117647059,267,1.0
11.0,80,
52.18181818181818,336,1.0
59.0,175,11.0
40.0,168,1.0
21.0,211,1.0
13.0,214,1.0
2.0,222,2.0
21.0,172,2.0
23.0,175,1.0
20.0,85,
51.53333333333333,264,1.0
49.979166666666664,256,1.0
2.0,15,
12.0,183,1.0
51.78260869565217,290,1.0
55.925,386,1.0
71.0,254,1.0
3.0,181,0.0
20.0,185,2.0
53.51111111111111,241,1.0
41.91228070175438,260,1.0
53.0,320,1.0
65.0,171,1.0
6.0,147,2.0
68.8125,288,1.0
54.70454545454545,272,1.0
61.61538461538461,257,1.0
55.42857142857143,304,1.0
58.78947368421053,384,1.0
9.0,49,
61.5,344,1.0
34.0,197,1.0
45.04347826086956,450,1.0
20.0,144,2.0
50.5531914893617,244,1.0
16.0,189,2.0
44.0,194,1.0
52.111111111111114,274,1.0
27.0,171,1.0
43.0,177,0.0
54.372093023255815,333,1.0
59.25,260,1.0
20.333333333333332,168,2.0
43.0,192,1.0
51.34782608695652,301,1.0
7.0,49,
9.0,189,0.0
32.0,206,1.0
53.4,261,1.0
65.0,170,2.0
12.5,199,2.0
23.0,211,1.0
45.0,191,0.0
15.0,190,1.0
39.0,179,1.0
24.0,186,1.0
54.833333333333336,300,1.0
15.0,191,1.0
15.0,194,1.0
21.666666666666668,170,1.0
55.55813953488372,253,1.0
59.025,284,2.0
12.0,195,0.0
22.0,171,2.0
51.319148936170215,273,2.0
11.0,50,
49.0,172,2.0
20.0,168,0.0
45.46153846153846,309,1.0
14.0,207,1.0
14.0,79,
48.0,190,0.0
19.0,187,1.0
50.891304347826086,341,1.0
53.48888888888889,268,1.0
47.92,265,1.0
7.0,28,
16.0,202,2.0
29.0,208,2.0
24.0,215,0.0
39.0,172,1.0
14.5,205,1.0
63.111111111111114,268,1.0
57.666666666666664,249,1.0
22.0,180,1.0
35.0,174,1.0
47.31372549019608,246,1.0
13.0,208,1.0
49.645833333333336,269,1.0
57.87179487179487,363,1.0
64.78378378378379,262,1.0
17.0,203,1.0
64.0,171,2.0
36.0,176,1.0
48.104166666666664,321,1.0
10.0,77,
67.25,265,1.0
59.97435897435897,290,1.0
24.0,168,11.0
61.5,265,1.0
70.0,313,1.0
50.77777777777778,324,1.0
59.67567567567568,427,1.0
34.0,202,0.0
32.0,73,
30.0,186,2.0
51.608695652173914,263,2.0
7.0,150,11.0
50.15217391304348,360,1.0
25.0,185,1.0
47.62,268,1.0
50.108695652173914,274,1.0
44.23076923076923,269,1.0
11.0,176,2.0
15.0,171,1.0
51.62222222222222,363,1.0
54.77272727272727,262,1.0
3.0,197,2.0
44.32692307692308,240,1.0
41.44642857142857,269,1.0
7.0,155,1.0
47.10204081632653,289,1.0
9.0,207,2.0
18.0,184,2.0
51.276595744680854,277,1.0
58.48780487804878,282,1.0
29.0,208,1.0
53.333333333333336,268,1.0
50.787234042553195,247,1.0
61.84615384615385,243,1.0
11.0,203,1.0
19.5,179,1.0
14.0,186,1.0
47.0,188,2.0
77.29032258064517,285,1.0
42.0,174,0.0
11.0,207,0.0
41.63793103448276,254,1.0
32.0,183,1.0
18.0,176,0.0
6.0,231,1.0
12.0,224,0.0
6.0,12,
49.644444444444446,391,1.0
20.333333333333332,168,1.0
59.0,177,1.0
17.0,173,2.0
16.0,205,2.0
18.0,51,
59.38461538461539,260,1.0
13.0,100,
17.666666666666668,179,1.0
14.75,176,2.0
58.325,318,1.0
4.0,150,1.0
65.08333333333333,319,1.0
60.333333333333336,325,1.0
43.02,337,1.0
49.97872340425532,275,1.0
21.0,0,
60.37837837837838,338,1.0
54.09090909090909,287,1.0
22.0,169,2.0
73.81818181818181,248,1.0
17.0,216,1.0
10.0,168,1.0
50.869565217391305,317,1.0
53.68888888888889,256,1.0
58.8,260,1.0
50.297872340425535,310,1.0
10.0,170,1.0
54.0,179,1.0
53.55555555555556,261,1.0
40.0,77,
50.77777777777778,363,1.0
60.666666666666664,302,1.0
28.0,210,1.0
56.523809523809526,262,1.0
56.325,317,1.0
9.0,57,
64.85714285714286,241,1.0
5.0,148,1.0
23.5,172,2.0
16.25,169,0.0
10.0,192,2.0
25.0,197,1.0
57.30952380952381,246,1.0
26.0,182,2.0
33.27777777777778,243,1.0
55.36363636363637,255,1.0
12.5,195,1.0
56.906976744186046,241,1.0
19.333333333333332,172,2.0
38.0,178,1.0
6.0,72,
59.60526315789474,410,1.0
9.0,209,2.0
51.0,169,1.0
53.29545454545455,262,1.0
73.51515151515152,262,1.0
50.25,268,1.0
51.888888888888886,287,1.0
21.0,199,1.0
30.0,80,
22.0,216,1.0
22.0,169,2.0
23.0,91,
0.0,53,
19.0,207,0.0
57.1,349,1.0
51.15217391304348,251,1.0
43.32727272727273,262,1.0
7.0,148,1.0
5.0,74,
12.0,222,1.0
27.0,185,1.0
56.486486486486484,535,1.0
50.404761904761905,283,1.0
13.0,172,1.0
43.0,185,1.0
19.0,186,1.0
60.083333333333336,275,1.0
56.395348837209305,266,1.0
5.0,150,1.0
61.73684210526316,322,1.0
72.21212121212122,244,1.0
26.0,185,1.0
20.333333333333332,171,2.0
7.0,147,1.0
43.0,190,1.0
16.5,200,2.0
57.0,173,2.0
8.0,195,1.0
28.0,201,1.0
58.775,241,1.0
42.16981132075472,245,1.0
18.0,196,2.0
1.0,53,
23.0,169,1.0
31.0,174,1.0
6.0,14,
59.3,286,1.0
57.85,333,1.0
89.15384615384616,339,2.0
8.0,191,1.0
59.4390243902439,244,2.0
46.05769230769231,240,1.0
13.0,50,
49.270833333333336,292,1.0
58.675,259,1.0
38.0,178,2.0
17.0,193,1.0
50.104166666666664,271,2.0
8.0,185,1.0
8.0,184,0.0
56.44186046511628,242,1.0
71.08823529411765,257,1.0
57.73809523809524,259,1.0
8.0,188,2.0
20.0,144,0.0
43.092592592592595,300,1.0
57.642857142857146,267,1.0
50.729166666666664,245,1.0
33.0,74,
58.7,248,1.0
56.575,355,1.0
57.0,182,1.0
0.0,77,
64.0,173,11.0
15.0,52,
46.86274509803921,272,1.0
56.76190476190476,252,1.0
47.0,172,2.0
53.355555555555554,261,1.0
92.0,61,
11.0,4,
5.0,212,1.0
18.0,174,2.0
57.142857142857146,260,1.0
45.0,186,2.0
57.5609756097561,298,1.0
54.63636363636363,271,1.0
53.674418604651166,344,1.0
29.0,79,
21.0,172,1.0
67.11428571428571,325,1.0
9.0,78,
14.0,180,2.0
61.64102564102564,259,1.0
48.666666666666664,302,1.0
46.0,179,2.0
20.0,173,1.0
44.0,188,1.0
45.0,190,1.0
8.0,219,11.0
58.45,292,1.0
55.44186046511628,268,1.0
42.160714285714285,259,1.0
58.609756097560975,289,1.0
43.056603773584904,300,1.0
15.0,194,2.0
55.74418604651163,286,1.0
20.0,24,
40.0,180,2.0
15.0,194,1.0
54.45454545454545,294,1.0
8.0,193,0.0
15.0,190,1.0
24.0,196,1.0
47.51020408163265,353,1.0
7.5,208,1.0
13.0,146,2.0
56.30952380952381,298,1.0
53.883720930232556,336,1.0
13.25,173,1.0
55.38095238095238,267,1.0
59.2,249,1.0
24.0,179,1.0
53.76190476190476,360,1.0
47.411764705882355,260,1.0
61.15384615384615,278,1.0
7.0,213,11.0
12.0,25,
60.0,176,2.0
49.285714285714285,252,1.0
21.0,173,1.0
52.13636363636363,284,1.0
59.25,247,1.0
14.0,219,1.0
22.0,25,
49.8936170212766,313,1.0
60.44736842105263,359,1.0
44.0,192,0.0
14.0,52,
17.666666666666668,173,2.0
56.42857142857143,265,1.0
59.65,304,1.0
60.175,244,1.0
53.20454545454545,323,1.0
43.392857142857146,253,1.0
52.93333333333333,241,1.0
53.0,186,1.0
54.5,241,1.0
12.0,53,
68.32352941176471,256,1.0
51.2,365,1.0
56.926829268292686,345,1.0
9.5,211,2.0
42.44897959183673,268,1.0
52.333333333333336,321,1.0
34.0,196,0.0
25.5,173,1.0
6.0,61,
48.86,242,1.0
53.0,182,1.0
10.0,203,2.0
12.0,202,1.0
55.18181818181818,241,1.0
30.0,172,1.0
55.97560975609756,326,1.0
58.23809523809524,243,1.0
67.45714285714286,266,1.0
49.041666666666664,290,1.0
30.0,171,2.0
49.0,180,2.0
30.0,177,0.0
16.333333333333332,168,1.0
53.0,168,0.0
18.0,168,1.0
57.19047619047619,284,1.0
9.0,146,2.0
47.12,288,1.0
51.608695652173914,277,1.0
11.0,183,1.0
10.0,173,11.0
57.609756097560975,324,1.0
25.0,213,1.0
46.76923076923077,243,1.0
23.0,194,1.0
17.5,196,0.0
3.0,215,1.0
11.0,191,1.0
24.0,168,1.0
12.0,188,2.0
56.0,172,2.0
62.0,168,1.0
16.0,196,1.0
51.1063829787234,262,1.0
65.57142857142857,342,2.0
15.0,169,2.0
57.09756097560975,281,1.0
56.25581395348837,268,1.0
6.0,83,
34.0,193,1.0
10.0,58,
49.229166666666664,253,1.0
12.0,209,1.0
17.333333333333332,186,1.0
58.8780487804878,266,1.0
75.45161290322581,323,1.0
35.5,168,1.0
45.0,190,1.0
59.8974358974359,291,1.0
68.12121212121212,353,1.0
36.0,197,11.0
59.15,291,1.0
58.78048780487805,241,1.0
57.904761904761905,248,1.0
10.0,153,2.0
66.0,319,1.0
17.0,171,2.0
12.0,170,1.0
10.0,189,2.0
10.0,222,1.0
103.5,3,2.0
53.22727272727273,317,1.0
55.93023255813954,261,1.0
16.5,186,1.0
61.05263157894737,344,1.0
28.0,180,1.0
54.55813953488372,325,1.0
42.0,177,1.0
91.03846153846153,286,1.0
51.57446808510638,261,1.0
5.0,170,1.0
10.0,49,
35.0,171,11.0
5.0,182,1.0
39.0,193,1.0
16.5,193,0.0
28.5,181,1.0
39.0,193,1.0
28.0,208,1.0
66.02941176470588,355,1.0
43.265306122448976,357,1.0
26.0,185,2.0
35.0,80,
22.0,76,
12.0,197,2.0
7.0,224,1.0
67.5,253,1.0
69.3529411764706,266,1.0
6.0,151,1.0
56.166666666666664,268,1.0
60.0,426,1.0
3.0,2,
20.0,172,1.0
52.395348837209305,243,1.0
33.0,179,1.0
14.0,168,0.0
75.1875,274,1.0
48.14,255,1.0
52.44444444444444,324,1.0
58.975,302,1.0
49.958333333333336,260,1.0
57.41463414634146,284,1.0
69.48484848484848,272,1.0
61.794871794871796,252,1.0
14.5,173,1.0
13.666666666666666,177,0.0
7.0,81,
33.0,199,0.0
18.0,176,1.0
40.0,169,1.0
6.0,211,1.0
57.92307692307692,339,1.0
14.5,173,11.0
47.10204081632653,332,1.0
19.0,179,1.0
68.74285714285715,284,1.0
10.0,52,
46.851063829787236,248,1.0
25.0,190,1.0
12.0,195,1.0
15.0,56,
47.31372549019608,255,1.0
55.11363636363637,248,1.0
58.714285714285715,316,1.0
61.8974358974359,240,1.0
4.0,158,1.0
61.94444444444444,285,1.0
50.75,255,1.0
50.680851063829785,252,1.0
61.32432432432432,298,1.0
60.78378378378378,295,1.0
53.31111111111111,242,1.0
52.48888888888889,317,2.0
12.5,169,11.0
21.0,180,1.0
22.5,182,1.0
61.48717948717949,241,1.0
24.0,189,1.0
21.0,145,1.0
30.0,182,0.0
42.96363636363636,290,1.0
63.21052631578947,266,1.0
13.0,188,1.0
7.0,152,0.0
5.0,194,2.0
72.0625,296,1.0
54.83720930232558,269,1.0
18.0,3,
53.88636363636363,314,1.0
56.31707317073171,285,1.0
55.116279069767444,275,1.0
44.301886792452834,303,1.0
50.15217391304348,284,1.0
53.13333333333333,291,1.0
27.5,172,0.0
62.666666666666664,245,1.0
20.0,217,1.0
47.88,275,1.0
53.04761904761905,320,1.0
5.0,187,1.0
13.0,177,1.0
13.0,54,
53.68181818181818,227,1.0
42.0,176,1.0
22.0,25,
22.0,86,
42.535714285714285,299,1.0
16.333333333333332,171,2.0
66.1470588235294,432,1.0
60.325,262,1.0
65.72972972972973,243,1.0
57.38095238095238,254,1.0
3.0,52,
44.0,168,1.0
68.85714285714286,264,1.0
60.0,174,1.0
61.81578947368421,288,1.0
29.0,173,1.0
2.0,219,0.0
5.0,60,
54.56818181818182,257,1.0
26.0,177,1.0
15.0,51,
68.81818181818181,303,1.0
17.5,168,1.0
15.0,223,2.0
22.0,177,1.0
8.0,198,2.0
26.0,187,0.0
15.0,216,1.0
33.0,202,1.0
2.0,151,1.0
9.0,51,
45.64150943396226,259,1.0
56.285714285714285,316,1.0
3.0,221,0.0
12.0,216,2.0
14.0,48,
21.5,172,0.0
14.666666666666666,193,1.0
1.0,150,0.0
53.95348837209303,263,1.0
56.16279069767442,255,1.0
32.5,173,1.0
36.0,185,1.0
77.06896551724138,328,1.0
10.0,155,1.0
61.80555555555556,327,1.0
49.93333333333333,322,1.0
55.80487804878049,400,1.0
60.575,255,1.0
52.355555555555554,290,1.0
55.34090909090909,256,1.0
21.0,215,0.0
22.5,175,1.0
63.0,169,1.0
37.0,197,2.0
64.05555555555556,332,1.0
19.0,81,
13.0,220,0.0
53.72727272727273,267,1.0
60.3,276,1.0
56.45238095238095,248,1.0
6.0,52,
58.170731707317074,252,1.0
82.6896551724138,292,1.0
5.0,186,1.0
49.104166666666664,294,1.0
58.83783783783784,477,1.0
5.0,150,1.0
62.63157894736842,281,1.0
13.0,189,0.0
22.0,197,1.0
6.0,212,2.0
11.25,185,1.0
2.0,220,0.0
58.26829268292683,269,1.0
58.7,287,1.0
66.77777777777777,276,1.0
60.225,265,1.0
7.0,60,
15.0,198,1.0
56.56410256410256,339,1.0
62.921052631578945,293,1.0
7.0,220,1.0
10.0,144,2.0
46.87755102040816,252,1.0
5.0,212,2.0
17.5,200,0.0
41.13793103448276,244,1.0
75.70967741935483,284,1.0
6.0,195,1.0
10.5,202,1.0
47.32,300,1.0
5.0,155,1.0
21.0,191,1.0
24.0,194,1.0
77.80645161290323,285,1.0
50.659574468085104,262,1.0
27.5,181,1.0
60.3,246,1.0
15.0,192,0.0
9.0,218,11.0
8.0,178,1.0
46.72549019607843,284,1.0
30.5,170,1.0
43.58490566037736,325,1.0
18.0,168,2.0
20.5,183,1.0
55.11904761904762,340,1.0
74.64516129032258,245,1.0
54.90909090909091,265,1.0
54.68181818181818,247,1.0
55.116279069767444,252,1.0
53.04347826086956,242,1.0
57.4390243902439,255,1.0
29.0,169,1.0
10.5,188,1.0
5.0,170,1.0
7.0,152,1.0
17.0,171,1.0
13.0,4,
18.0,214,11.0
51.5,362,1.0
61.58974358974359,267,1.0
27.0,178,2.0
58.51219512195122,255,1.0
35.0,194,0.0
28.0,191,1.0
12.5,210,0.0
66.94285714285714,294,1.0
13.0,194,1.0
13.5,197,1.0
56.095238095238095,241,1.0
9.0,3,
45.283018867924525,260,1.0
5.0,146,11.0
7.0,217,2.0
14.0,26,
50.458333333333336,245,1.0
57.11904761904762,278,1.0
52.891304347826086,254,1.0
43.01923076923077,444,1.0
10.0,147,0.0
3.0,156,0.0
21.333333333333332,169,2.0
62.666666666666664,244,1.0
65.1891891891892,247,1.0
49.08163265306123,258,1.0
7.5,190,2.0
18.0,81,
36.0,181,1.0
26.0,185,0.0
47.0,171,1.0
26.0,187,2.0
59.4054054054054,310,1.0
15.0,148,1.0
50.191489361702125,309,1.0
14.0,101,
56.595238095238095,290,1.0
43.0,194,1.0
62.486486486486484,258,1.0
10.0,185,2.0
38.0,173,1.0
30.0,197,1.0
38.0,180,1.0
64.45945945945945,264,1.0
42.92857142857143,267,1.0
12.0,195,1.0
55.325,246,1.0
57.225,362,1.0
55.95348837209303,265,1.0
8.0,224,1.0
57.45,243,1.0
32.0,183,1.0
75.7,319,1.0
13.0,86,
59.55,251,1.0
56.02325581395349,248,1.0
71.97058823529412,243,1.0
2.0,172,1.0
24.0,211,11.0
7.0,51,
5.0,172,1.0
5.0,212,1.0
21.0,192,1.0
28.0,181,1.0
67.55555555555556,240,1.0
17.0,5,
52.08888888888889,243,1.0
48.95918367346939,257,1.0
15.0,7,
19.0,173,2.0
23.0,194,1.0
19.5,176,1.0
20.0,194,0.0
13.0,152,1.0
48.44897959183673,308,1.0
3.0,170,1.0
12.0,197,2.0
58.4390243902439,294,1.0
75.83333333333333,342,1.0
65.79411764705883,362,1.0
17.0,53,1.0
19.0,173,1.0
52.72727272727273,275,1.0
80.71428571428571,371,1.0
57.142857142857146,252,1.0
48.340425531914896,343,1.0
62.18421052631579,290,1.0
49.145833333333336,325,1.0
59.78048780487805,241,1.0
12.0,193,1.0
6.0,50,
20.0,175,2.0
31.5,168,1.0
13.0,208,0.0
20.0,195,1.0
31.5,173,1.0
47.680851063829785,302,1.0
3.0,60,
22.0,171,1.0
48.59183673469388,243,1.0
61.46153846153846,244,1.0
45.01923076923077,317,1.0
52.04651162790697,166,1.0
12.0,171,2.0
63.75675675675676,300,2.0
52.0,172,1.0
27.5,162,2.0
51.148936170212764,283,1.0
57.23809523809524,253,1.0
51.95,345,1.0
46.52,356,1.0
57.292682926829265,316,1.0
10.0,172,1.0
24.0,168,1.0
16.5,168,1.0
65.63888888888889,267,1.0
63.973684210526315,251,1.0
16.0,172,2.0
58.829268292682926,276,1.0
44.411764705882355,254,1.0
47.588235294117645,257,1.0
15.5,169,1.0
8.0,147,0.0
18.0,209,0.0
11.5,194,1.0
15.0,195,2.0
62.4054054054054,266,1.0
12.0,210,1.0
43.763636363636365,262,1.0
16.0,53,
49.041666666666664,256,1.0
42.421052631578945,256,1.0
49.5,247,1.0
6.0,51,
16.0,212,0.0
35.0,194,2.0
65.84375,495,1.0
48.895833333333336,338,1.0
1.0,63,
30.0,83,
55.58139534883721,283,1.0
53.51111111111111,254,1.0
56.146341463414636,352,1.0
10.5,177,2.0
6.0,194,1.0
9.0,177,1.0
9.5,146,11.0
26.0,181,1.0
67.08333333333333,244,1.0
49.723404255319146,332,1.0
19.333333333333332,170,11.0
20.5,169,1.0
61.666666666666664,266,1.0
49.97872340425532,319,1.0
61.55263157894737,339,1.0
43.592592592592595,274,1.0
63.7027027027027,253,1.0
55.1219512195122,334,1.0
51.51063829787234,265,1.0
67.88571428571429,256,1.0
54.116279069767444,266,1.0
16.0,204,0.0
58.51282051282051,249,1.0
25.0,211,1.0
49.1875,286,1.0
70.0,243,1.0
21.0,216,11.0
27.0,188,2.0
52.62222222222222,279,1.0
36.0,197,1.0
34.0,175,0.0
30.0,206,1.0
49.48936170212766,263,1.0
5.0,186,1.0
11.0,204,1.0
59.36585365853659,249,1.0
11.0,174,1.0
54.09090909090909,275,1.0
15.0,211,2.0
46.05769230769231,267,1.0
66.0,169,1.0
38.0,182,1.0
53.18181818181818,244,1.0
62.60526315789474,301,1.0
9.0,35,
57.525,358,1.0
51.404761904761905,264,1.0
29.0,196,1.0
3.0,149,1.0
24.0,180,1.0
56.31707317073171,343,1.0
48.833333333333336,298,1.0
59.073170731707314,257,1.0
4.0,63,
63.027027027027025,317,1.0
54.45238095238095,359,1.0
38.0,193,11.0
58.7,326,1.0
58.53658536585366,284,1.0
23.0,183,0.0
12.333333333333334,181,2.0
55.44186046511628,260,1.0
30.0,173,1.0
56.26190476190476,240,1.0
9.5,172,11.0
9.0,147,0.0
46.96,256,1.0
60.916666666666664,315,1.0
55.78048780487805,287,2.0
65.08108108108108,266,2.0
8.0,158,1.0
9.0,146,1.0
56.116279069767444,269,1.0
15.0,188,2.0
3.0,151,1.0
53.54545454545455,315,1.0
34.0,185,1.0
42.0,184,11.0
7.0,8,
49.729166666666664,284,1.0
18.0,78,
12.0,50,
28.5,174,2.0
42.528301886792455,362,1.0
17.0,170,0.0
55.13953488372093,298,1.0
5.0,149,2.0
50.46808510638298,250,1.0
48.97959183673469,241,1.0
16.0,201,1.0
61.473684210526315,341,1.0
49.61224489795919,241,1.0
55.58139534883721,294,1.0
51.58695652173913,271,1.0
24.0,194,1.0
4.0,151,1.0
13.75,180,1.0
14.0,169,2.0
15.0,28,
56.7906976744186,248,1.0
56.214285714285715,295,1.0
49.5625,243,1.0
38.516666666666666,299,1.0
16.0,169,1.0
13.0,220,1.0
53.53333333333333,245,1.0
53.77272727272727,305,1.0
15.0,52,
15.0,172,1.0
62.76315789473684,290,1.0
62.72222222222222,259,1.0
19.5,169,1.0
19.0,200,1.0
7.0,158,1.0
64.55555555555556,270,1.0
7.0,144,1.0
11.0,222,0.0
20.5,172,2.0
57.5609756097561,246,1.0
14.0,179,0.0
4.0,212,2.0
66.58333333333333,252,1.0
44.407407407407405,253,1.0
54.0,182,1.0
16.5,171,1.0
63.3421052631579,264,1.0
56.27906976744186,248,1.0
48.95918367346939,260,1.0
18.0,195,2.0
47.9375,299,1.0
10.0,180,1.0
16.0,25,
64.21621621621621,263,1.0
36.0,192,1.0
12.0,152,1.0
32.0,185,0.0
19.5,172,2.0
61.8974358974359,251,1.0
28.0,178,0.0
44.18181818181818,244,1.0
62.5945945945946,350,1.0
65.63888888888889,300,1.0
67.57894736842105,75,1.0
36.0,168,0.0
50.0,188,1.0
10.5,196,2.0
50.583333333333336,256,1.0
65.58333333333333,332,1.0
67.41666666666667,245,1.0
3.0,150,11.0
41.0,196,2.0
52.325581395348834,300,1.0
58.292682926829265,243,1.0
55.88095238095238,294,1.0
10.0,183,1.0
45.31372549019608,292,1.0
63.86486486486486,305,1.0
37.0,178,1.0
32.0,181,1.0
48.854166666666664,256,2.0
52.58536585365854,515,1.0
62.67567567567568,366,1.0
48.44,244,1.0
47.0,240,1.0
36.0,178,2.0
14.0,173,1.0
60.275,273,1.0
7.0,187,1.0
25.5,179,1.0
13.0,222,0.0
13.333333333333334,172,1.0
39.0,198,2.0
64.94594594594595,269,1.0
35.0,168,1.0
45.57692307692308,244,1.0
56.06976744186046,256,1.0
2.0,191,1.0
58.69230769230769,370,1.0
55.595238095238095,287,1.0
16.0,54,
54.390243902439025,299,1.0
33.0,175,0.0
64.89189189189189,259,1.0
47.98,246,1.0
54.95454545454545,252,1.0
40.0,188,11.0
53.0,249,1.0
62.0,168,2.0
22.0,194,2.0
59.46153846153846,348,1.0
46.92,299,1.0
45.6530612244898,378,1.0
21.0,176,1.0
50.666666666666664,312,1.0
16.0,169,1.0
10.0,149,1.0
8.0,221,1.0
34.0,169,1.0
46.44,317,1.0
6.0,53,
21.0,176,1.0
5.5,151,1.0
14.0,4,
63.13513513513514,310,1.0
25.0,173,0.0
11.0,219,2.0
9.4,171,2.0
6.0,194,0.0
61.55263157894737,261,1.0
54.88636363636363,254,1.0
17.0,0,
13.0,0,
16.5,197,11.0
54.79545454545455,272,1.0
61.2972972972973,316,1.0
52.30434782608695,259,1.0
27.0,190,1.0
36.0,76,
51.08695652173913,321,1.0
24.0,181,1.0
59.025,323,1.0
53.08695652173913,244,1.0
20.0,209,1.0
6.0,213,2.0
47.76,292,1.0
64.0,172,2.0
63.94736842105263,243,1.0
61.63157894736842,271,1.0
40.6,243,1.0
57.0,173,0.0
12.0,10,
5.5,211,1.0
63.114285714285714,434,1.0
48.875,331,1.0
14.0,177,1.0
60.526315789473685,359,1.0
60.3421052631579,314,1.0
21.0,194,1.0
12.0,52,
51.58695652173913,295,1.0
5.0,158,0.0
53.47727272727273,258,1.0
5.0,156,0.0
17.0,193,0.0
15.0,168,1.0
48.391304347826086,437,1.0
15.666666666666666,184,1.0
62.44444444444444,367,1.0
24.5,177,1.0
13.5,176,1.0
55.55813953488372,241,1.0
59.073170731707314,250,1.0
15.666666666666666,181,11.0
20.5,170,0.0
14.0,221,1.0
49.63265306122449,240,1.0
20.0,2,
63.0,173,11.0
53.93181818181818,276,1.0
58.75609756097561,280,1.0
49.48780487804878,455,1.0
8.0,53,
56.0,171,1.0
17.0,172,1.0
8.0,0,
25.0,211,11.0
7.333333333333333,94,
49.583333333333336,297,1.0
42.7962962962963,262,1.0
14.0,183,1.0
55.18604651162791,279,1.0
57.0,169,11.0
55.333333333333336,245,1.0
56.57142857142857,240,1.0
57.78947368421053,239,1.0
67.41176470588235,282,1.0
65.13513513513513,267,1.0
50.765957446808514,257,1.0
10.0,203,1.0
47.69387755102041,284,1.0
22.333333333333332,168,1.0
19.0,172,1.0
19.0,216,1.0
58.95,243,1.0
17.0,186,1.0
52.04347826086956,282,1.0
52.72093023255814,377,1.0
8.0,147,1.0
48.795918367346935,293,1.0
16.0,175,2.0
3.0,149,1.0
60.375,265,1.0
7.0,25,
60.61538461538461,296,1.0
53.09090909090909,336,1.0
9.0,229,1.0
56.27906976744186,248,1.0
23.5,175,2.0
53.75,324,1.0
8.0,180,1.0
14.0,206,2.0
39.0,170,2.0
55.44186046511628,257,1.0
71.51515151515152,243,1.0
21.0,178,0.0
7.0,145,11.0
26.0,169,1.0
11.0,147,1.0
15.666666666666666,171,1.0
17.0,146,1.0
11.666666666666666,196,0.0
34.86764705882353,288,1.0
52.20454545454545,240,1.0
56.714285714285715,292,1.0
64.0,169,0.0
61.53846153846154,241,1.0
48.108695652173914,351,1.0
22.0,203,1.0
2.0,197,1.0
3.0,63,
59.05,305,1.0
26.0,212,1.0
18.5,173,1.0
1.0,206,1.0
46.04347826086956,480,1.0
13.0,215,2.0
48.0,173,11.0
6.0,180,0.0
11.5,192,2.0
65.75,316,1.0
54.46511627906977,329,1.0
50.708333333333336,241,1.0
34.0,190,1.0
47.0,187,2.0
44.648148148148145,271,1.0
14.0,151,11.0
28.0,184,1.0
56.292682926829265,319,1.0
51.15217391304348,256,1.0
75.5,371,2.0
51.0,172,1.0
7.0,182,0.0
43.64150943396226,332,1.0
11.5,214,2.0
17.0,183,0.0
19.0,174,2.0
18.0,173,0.0
20.0,144,11.0
28.0,89,
24.0,192,2.0
4.0,205,11.0
42.57142857142857,279,1.0
18.0,51,
64.37837837837837,274,1.0
2.0,63,
55.0,173,2.0
56.0,168,1.0
10.0,58,
56.0,168,1.0
54.47727272727273,241,1.0
54.83720930232558,279,1.0
9.5,196,11.0
20.666666666666668,171,1.0
43.0,184,0.0
24.0,213,1.0
48.0,190,2.0
63.7027027027027,279,1.0
51.0,171,11.0
17.0,195,1.0
73.1875,259,1.0
10.0,144,1.0
44.2,252,1.0
60.0,174,1.0
77.33333333333333,365,1.0
51.8936170212766,242,1.0
59.46153846153846,299,1.0
22.5,178,1.0
31.0,184,0.0
81.41379310344827,325,1.0
26.5,178,2.0
63.25,294,1.0
18.333333333333332,177,1.0
13.0,208,1.0
52.58139534883721,330,1.0
14.0,182,0.0
194.0,4,
46.0,171,2.0
52.21739130434783,254,1.0
6.0,158,1.0
54.02272727272727,271,1.0
49.142857142857146,261,1.0
8.0,212,0.0
5.0,156,1.0
65.16216216216216,264,1.0
34.0,185,2.0
81.79310344827586,275,1.0
5.0,182,0.0
18.0,205,2.0
20.5,168,1.0
7.0,157,11.0
58.048780487804876,282,1.0
11.0,190,1.0
16.333333333333332,168,1.0
47.294117647058826,259,1.0
66.62857142857143,254,1.0
4.0,148,1.0
12.0,188,1.0
21.0,216,11.0
60.97435897435897,304,1.0
28.0,182,2.0
26.5,173,1.0
7.0,181,1.0
67.0,242,1.0
45.0,193,2.0
30.0,169,11.0
67.3529411764706,247,1.0
59.25,266,1.0
50.30232558139535,522,1.0
14.666666666666666,183,1.0
35.0,183,1.0
39.0,177,2.0
17.0,222,2.0
60.84615384615385,321,1.0
15.0,176,1.0
2.0,53,
31.0,186,0.0
4.0,50,
58.1219512195122,266,1.0
15.0,182,0.0
48.83673469387755,264,1.0
32.0,170,1.0
13.5,200,0.0
42.0,192,0.0
19.0,72,
55.2093023255814,266,1.0
11.666666666666666,195,11.0
46.0,169,1.0
21.0,172,2.0
29.0,190,2.0
7.5,149,1.0
19.0,188,0.0
3.0,37,
10.0,193,1.0
20.666666666666668,171,0.0
29.5,171,2.0
32.0,193,0.0
40.0,186,2.0
14.0,187,1.0
11.0,169,1.0
13.0,216,0.0
10.0,26,
64.66666666666667,240,1.0
58.8421052631579,246,1.0
24.5,179,1.0
55.2093023255814,297,1.0
17.0,185,1.0
23.5,171,2.0
11.0,186,0.0
48.68,244,1.0
21.0,187,0.0
64.0,171,2.0
22.5,172,1.0
13.0,48,
52.93181818181818,288,1.0
45.264150943396224,261,1.0
50.583333333333336,241,1.0
17.0,212,1.0
12.0,170,2.0
60.31578947368421,303,1.0
53.627906976744185,343,1.0
31.0,173,1.0
44.55769230769231,307,1.0
57.2,400,1.0
66.69444444444444,287,1.0
12.0,150,1.0
53.17777777777778,283,1.0
63.729729729729726,318,1.0
17.0,172,1.0
16.0,172,0.0
13.0,176,2.0
9.0,213,0.0
57.97560975609756,244,1.0
9.0,227,0.0
13.0,150,0.0
61.026315789473685,267,1.0
50.40909090909091,355,1.0
52.0,168,0.0
8.0,194,0.0
4.0,155,1.0
11.0,54,
5.0,211,1.0
52.82222222222222,282,2.0
52.095238095238095,373,1.0
11.5,178,1.0
10.0,196,1.0
13.0,170,1.0
50.674418604651166,430,1.0
3.0,60,
14.0,205,1.0
59.1025641025641,332,1.0
60.25,272,1.0
64.96969696969697,518,1.0
65.77142857142857,316,1.0
43.0,172,2.0
53.95454545454545,254,1.0
17.0,194,2.0
52.51111111111111,281,1.0
15.0,179,2.0
9.5,191,1.0
65.54054054054055,256,1.0
54.0,178,0.0
52.17391304347826,240,1.0
56.357142857142854,250,1.0
17.0,211,0.0
56.65853658536585,240,1.0
72.59375,353,1.0
16.0,207,2.0
44.69230769230769,249,1.0
12.0,52,
23.0,192,2.0
9.5,183,1.0
5.0,154,1.0
35.0,173,1.0
31.0,177,0.0
15.5,183,1.0
60.175,269,1.0
24.0,181,0.0
51.23913043478261,296,1.0
8.0,195,1.0
17.0,147,1.0
10.0,153,0.0
61.31578947368421,257,1.0
12.0,170,1.0
45.5,242,1.0
49.68181818181818,448,1.0
62.23076923076923,251,1.0
60.30769230769231,269,1.0
63.36842105263158,246,1.0
30.0,209,1.0
40.0,73,
64.34285714285714,323,1.0
53.82222222222222,244,1.0
16.0,220,11.0
52.94871794871795,564,1.0
46.0,177,0.0
18.0,220,0.0
55.0,176,1.0
11.0,93,
56.976190476190474,296,1.0
5.0,2,
65.65714285714286,328,1.0
6.0,153,1.0
22.0,198,11.0
51.391304347826086,308,1.0
45.0,181,0.0
33.0,172,1.0
52.46511627906977,247,1.0
22.5,191,1.0
6.0,154,1.0
62.23076923076923,242,1.0
29.0,195,2.0
69.44117647058823,267,1.0
33.0,171,2.0
43.320754716981135,263,1.0
6.0,53,
60.861111111111114,354,1.0
31.5,170,2.0
55.0,180,1.0
3.0,191,1.0
57.023809523809526,240,1.0
25.0,183,2.0
7.0,212,2.0
22.0,24,
8.0,9,
18.0,206,1.0
6.0,149,11.0
17.5,185,1.0
16.0,183,0.0
16.5,170,2.0
46.745098039215684,289,1.0
22.0,193,1.0
67.37142857142857,243,1.0
57.1,333,1.0
28.0,172,1.0
70.29411764705883,269,1.0
56.093023255813954,277,1.0
37.0,194,0.0
6.0,189,1.0
5.0,195,2.0
49.15909090909091,257,1.0
17.0,169,1.0
15.0,79,
6.0,214,0.0
56.05128205128205,287,1.0
24.0,186,1.0
14.0,50,
12.0,7,
12.0,181,2.0
59.125,251,1.0
63.026315789473685,284,1.0
17.0,182,0.0
12.666666666666666,178,1.0
65.02857142857142,320,2.0
28.5,178,1.0
5.0,231,0.0
8.0,50,
47.212765957446805,425,1.0
49.6875,240,1.0
58.5,315,1.0
47.916666666666664,348,1.0
14.0,172,1.0
2.0,157,2.0
49.224489795918366,256,1.0
54.0,169,1.0
25.0,209,1.0
4.0,219,2.0
27.0,179,1.0
4.0,60,
23.5,172,1.0
2.0,171,1.0
10.0,50,
23.5,173,1.0
30.0,194,11.0
7.0,26,
63.82857142857143,252,1.0
20.0,145,1.0
12.666666666666666,192,1.0
16.5,174,1.0
11.5,180,1.0
7.0,145,11.0
6.0,207,0.0
58.8974358974359,333,1.0
50.744680851063826,277,1.0
53.26190476190476,359,1.0
9.0,223,1.0
17.0,192,1.0
55.883720930232556,279,1.0
56.75609756097561,269,1.0
44.886792452830186,240,1.0
83.85714285714286,319,1.0
32.5,171,1.0
27.5,181,2.0
41.0,195,1.0
3.0,157,1.0
58.8780487804878,255,1.0
58.97560975609756,256,1.0
54.72727272727273,277,1.0
16.666666666666668,173,1.0
54.63414634146341,370,1.0
24.0,179,1.0
14.0,52,
31.0,170,1.0
40.0,193,0.0
37.0,173,2.0
11.0,205,1.0
32.0,195,1.0
21.5,193,2.0
7.0,181,1.0
17.0,204,1.0
53.72727272727273,297,1.0
25.0,191,1.0
20.5,170,2.0
4.0,157,1.0
21.0,196,1.0
8.5,24,
52.17391304347826,261,1.0
39.18518518518518,533,1.0
32.0,172,2.0
23.0,174,1.0
27.0,182,1.0
48.95744680851064,327,1.0
55.57142857142857,253,1.0
3.0,213,1.0
51.93478260869565,251,1.0
56.857142857142854,267,1.0
23.5,182,2.0
66.0,447,1.0
4.0,197,1.0
57.095238095238095,253,1.0
79.5,249,1.0
11.0,3,
26.0,181,0.0
10.0,216,1.0
2.0,157,2.0
10.0,4,
42.56363636363636,243,1.0
55.46341463414634,301,1.0
5.0,75,
50.0,310,1.0
58.19512195121951,255,1.0
39.0,171,1.0
52.24444444444445,268,1.0
32.5,170,1.0
46.0,169,1.0
54.20454545454545,264,1.0
57.68292682926829,254,1.0
63.513513513513516,298,1.0
20.0,180,0.0
52.91111111111111,268,1.0
49.75,287,1.0
49.270833333333336,309,1.0
42.81132075471698,327,1.0
50.46808510638298,295,1.0
7.0,158,1.0
53.97674418604651,358,1.0
18.0,50,
46.73076923076923,241,1.0
15.0,91,
9.0,144,1.0
55.58139534883721,289,1.0
60.425,265,2.0
45.55769230769231,313,1.0
13.0,144,1.0
49.61224489795919,240,1.0
53.36363636363637,310,1.0
36.0,186,11.0
42.19642857142857,289,1.0
32.0,207,1.0
56.404761904761905,258,1.0
47.333333333333336,320,1.0
50.787234042553195,264,1.0
13.0,148,1.0
1.0,221,1.0
15.0,93,
56.81578947368421,421,1.0
12.0,194,2.0
45.8235294117647,295,1.0
58.425,284,1.0
67.22222222222223,254,1.0
42.0,170,0.0
11.0,78,
59.46341463414634,241,1.0
52.08695652173913,262,1.0
56.425,384,1.0
43.509803921568626,438,1.0
9.0,217,1.0
5.0,2,
45.0,192,1.0
60.38461538461539,316,1.0
44.0,169,1.0
2.0,28,
61.916666666666664,362,1.0
49.08163265306123,261,1.0
9.0,191,2.0
49.46938775510204,244,1.0
44.0,184,2.0
11.0,49,
34.0,194,2.0
15.0,171,2.0
11.0,213,2.0
72.45454545454545,243,1.0
24.0,179,1.0
49.6875,298,1.0
8.0,212,1.0
27.0,175,1.0
15.0,209,1.0
54.7906976744186,261,1.0
16.0,77,
19.5,194,1.0
26.0,199,2.0
6.0,207,2.0
22.0,191,1.0
52.21739130434783,272,1.0
44.36538461538461,372,1.0
28.0,176,1.0
63.270270270270274,247,1.0
10.0,208,1.0
9.0,170,1.0
16.0,77,
44.18867924528302,326,1.0
56.75609756097561,269,1.0
15.0,213,1.0
36.0,199,0.0
44.80769230769231,253,1.0
8.0,192,1.0
16.0,170,1.0
59.56410256410256,274,1.0
75.84375,243,1.0
13.666666666666666,186,1.0
62.30769230769231,246,1.0
29.0,168,1.0
63.80555555555556,376,1.0
4.0,170,1.0
4.0,25,
59.0,172,11.0
54.0,171,2.0
17.0,146,1.0
71.0,304,1.0
70.0,168,1.0
49.340425531914896,339,1.0
17.5,168,1.0
65.57575757575758,304,1.0
54.18181818181818,263,1.0
72.51515151515152,282,1.0
17.0,180,2.0
55.27272727272727,245,1.0
8.0,8,
8.0,155,2.0
49.84782608695652,378,1.0
18.0,182,1.0
9.5,168,1.0
56.04651162790697,266,1.0
49.208333333333336,249,1.0
30.5,171,1.0
22.333333333333332,171,1.0
58.0,174,2.0
69.60606060606061,390,1.0
46.59615384615385,244,1.0
10.0,57,
51.54347826086956,263,1.0
56.666666666666664,296,1.0
15.333333333333334,190,2.0
25.5,176,1.0
60.2,246,1.0
57.666666666666664,242,1.0
26.0,187,1.0
11.0,198,1.0
72.09677419354838,438,1.0
53.925,308,1.0
35.0,76,
56.0,179,1.0
63.71052631578947,248,1.0
46.56,263,1.0
6.0,187,1.0
53.266666666666666,241,1.0
9.0,145,1.0
61.205128205128204,248,1.0
26.5,181,0.0
32.0,170,11.0
19.0,49,
59.77777777777778,255,1.0
15.0,49,
33.0,182,2.0
23.0,181,1.0
48.04081632653061,260,1.0
6.0,151,1.0
18.333333333333332,176,2.0
52.75555555555555,300,1.0
65.48648648648648,265,1.0
45.0,175,1.0
15.0,73,
24.0,174,1.0
22.0,182,2.0
36.0,197,0.0
27.0,209,1.0
55.8421052631579,438,1.0
28.0,201,1.0
18.0,186,1.0
52.904761904761905,400,1.0
62.23076923076923,252,1.0
65.22222222222223,326,1.0
24.0,211,1.0
64.48648648648648,254,1.0
22.0,168,1.0
60.025,240,1.0
65.35135135135135,274,1.0
10.0,144,0.0
14.5,203,2.0
49.0,177,11.0
59.5609756097561,243,1.0
35.0,78,
20.0,49,
49.82608695652174,364,1.0
4.0,147,1.0
13.0,195,1.0
39.0,195,0.0
55.025,293,1.0
44.90384615384615,318,1.0
29.0,195,11.0
36.0,196,1.0
7.666666666666667,174,1.0
27.0,72,
67.0,171,1.0
52.52272727272727,309,1.0
49.57142857142857,258,1.0
5.0,61,
30.0,183,0.0
21.0,90,
32.0,172,0.0
57.4,316,1.0
11.666666666666666,172,1.0
50.659574468085104,310,1.0
20.0,191,1.0
45.31372549019608,339,1.0
51.21739130434783,244,1.0
10.0,182,0.0
51.28260869565217,308,1.0
45.80769230769231,301,1.0
62.6578947368421,257,1.0
44.680851063829785,388,1.0
22.0,171,1.0
5.5,187,1.0
52.77777777777778,281,1.0
6.0,182,0.0
12.0,196,1.0
45.34615384615385,265,1.0
54.24444444444445,244,1.0
26.5,168,1.0
53.48888888888889,246,1.0
5.0,218,2.0
16.0,180,11.0
7.0,184,11.0
29.0,189,2.0
53.355555555555554,279,1.0
19.0,51,
54.24390243902439,310,1.0
10.5,196,1.0
14.0,185,2.0
58.829268292682926,258,1.0
46.26,341,1.0
44.0,194,0.0
40.67796610169491,271,1.0
23.0,210,1.0
25.5,184,11.0
58.46153846153846,287,1.0
8.0,149,1.0
22.5,177,2.0
29.0,168,1.0
4.0,170,1.0
13.0,94,
53.29545454545455,251,1.0
69.4,245,1.0
20.0,196,0.0
18.0,179,0.0
49.69565217391305,334,1.0
26.0,172,1.0
46.64,291,1.0
47.041666666666664,418,1.0
9.0,168,2.0
44.69230769230769,341,1.0
51.04347826086956,289,1.0
59.05,260,1.0
45.0,72,
71.48484848484848,300,1.0
4.5,213,0.0
12.0,28,
33.0,184,1.0
56.7,275,1.0
81.5,49,0.0
