recency,monetary,segments_numeric
1364,45.17,11.0
218,37.51,3.0
697,28.15,1.0
793,18.642500000000002,1.0
470,19.905,11.0
1211,40.64,2.0
2040,38.78,10.0
1379,29.057499999999997,7.0
1514,35.412499999999994,5.0
601,37.02,2.0
869,33.915,2.0
39,29.08,
1604,34.644999999999996,11.0
197,29.035,1.0
696,43.2,4.0
506,16.427500000000002,11.0
176,23.0375,1.0
1444,30.2375,7.0
124,25.54,1.0
420,42.2375,3.0
90,35.16,
1360,31.295,5.0
411,26.987499999999997,3.0
107,38.572500000000005,
164,44.5225,3.0
968,20.085,1.0
1179,25.675,1.0
195,30.854999999999997,3.0
1240,30.4375,1.0
1307,46.355000000000004,11.0
913,31.028333333333336,1.0
720,26.339999999999996,2.0
135,41.9875,11.0
1081,24.375,1.0
1156,46.2625,11.0
825,27.96,11.0
2316,28.665,10.0
2067,14.807500000000001,10.0
179,32.0325,1.0
362,50.275000000000006,11.0
1807,16.975,7.0
944,25.07,11.0
250,36.739999999999995,2.0
1056,22.674999999999997,1.0
1080,40.815,2.0
1970,42.045,10.0
96,32.35,5.0
1129,25.682499999999997,1.0
388,38.667500000000004,3.0
1876,30.150000000000002,10.0
1238,25.1175,1.0
1439,30.975,5.0
156,31.0875,3.0
940,38.605000000000004,2.0
315,35.1125,3.0
532,55.917500000000004,11.0
2317,39.595,10.0
1060,23.765,1.0
852,28.1625,11.0
758,19.674999999999997,1.0
481,36.4225,2.0
1542,33.7025,11.0
816,13.2475,1.0
1106,32.58,1.0
244,17.065,0.0
1200,22.59,1.0
290,33.94,2.0
998,26.14,1.0
96,28.4725,
341,21.2675,3.0
1198,20.22,1.0
74,33.2525,
1197,21.93,1.0
1812,29.0625,7.0
1083,30.425,5.0
624,25.1525,11.0
131,37.5325,3.0
725,27.325000000000003,1.0
291,24.585,1.0
2117,40.1725,10.0
356,28.474999999999998,1.0
698,27.775,1.0
1123,34.2675,2.0
400,35.015,2.0
312,16.735,1.0
865,31.037499999999998,1.0
674,29.0,1.0
2146,35.89,10.0
965,13.677499999999998,1.0
626,20.5475,1.0
1539,27.87,7.0
176,20.21,1.0
139,27.7,1.0
721,42.3225,11.0
2257,39.2425,10.0
581,28.095000000000002,11.0
216,40.225,3.0
272,32.93333333333333,1.0
225,17.994999999999997,3.0
82,37.8325,
724,12.287500000000001,1.0
1019,31.2375,1.0
1623,30.6675,7.0
750,41.8625,11.0
207,39.317499999999995,3.0
217,34.67,2.0
440,25.23,3.0
1153,30.5125,1.0
917,21.79,1.0
970,29.705,1.0
641,21.225,1.0
1541,43.557500000000005,11.0
37,35.71,
283,27.8475,1.0
1636,34.545,11.0
325,32.4275,1.0
1299,41.225,2.0
557,10.6475,1.0
674,16.955,1.0
893,23.85,11.0
1321,22.525,1.0
1034,15.875,1.0
26,29.619999999999997,
288,28.259999999999998,3.0
1683,13.3475,7.0
1373,33.7625,11.0
29,37.1525,
396,23.8275,1.0
2016,51.8675,10.0
245,45.0275,3.0
485,43.66,11.0
467,24.405,11.0
472,19.534999999999997,1.0
1061,29.177500000000002,1.0
1165,34.7175,2.0
747,26.725,11.0
315,33.26,1.0
683,40.11,2.0
1133,27.8375,1.0
113,25.805,
124,21.43,1.0
527,30.299999999999997,1.0
49,29.18,
976,29.575,1.0
588,35.072500000000005,2.0
1273,39.18,2.0
2647,26.335,10.0
144,46.620000000000005,3.0
549,27.975,11.0
2311,26.2825,3.0
822,25.96,1.0
659,35.685,4.0
866,22.130000000000003,1.0
93,37.645,
655,35.39,2.0
715,36.807500000000005,1.0
1059,12.6275,1.0
158,37.7575,3.0
291,27.535000000000004,1.0
363,36.3225,3.0
1043,11.7525,1.0
1944,26.5775,2.0
724,24.677500000000002,11.0
265,23.424999999999997,1.0
2112,31.115000000000002,10.0
802,30.64,1.0
48,28.8825,
1032,40.7075,2.0
974,29.5325,1.0
754,28.93,11.0
1178,28.915,1.0
2093,38.565,10.0
591,14.647499999999999,11.0
2043,23.9775,10.0
2093,28.0875,10.0
724,44.885000000000005,11.0
1623,27.57,7.0
530,15.622499999999999,1.0
1980,25.5425,10.0
749,29.332500000000003,2.0
432,16.1625,0.0
1373,35.0225,1.0
2348,31.1175,10.0
366,35.962500000000006,2.0
1521,34.699999999999996,11.0
469,32.504999999999995,11.0
965,46.7025,11.0
985,15.7375,11.0
1946,37.435,10.0
1765,30.5,5.0
1753,23.549999999999997,7.0
988,26.005000000000003,1.0
192,38.69,3.0
1416,23.3325,7.0
2145,33.125,10.0
102,29.634999999999998,
799,19.325000000000003,11.0
1855,36.595,11.0
495,39.942499999999995,2.0
1265,28.815,1.0
727,32.24,1.0
2045,20.575,10.0
1467,25.715,7.0
374,28.3,1.0
2108,28.5225,10.0
1587,51.075,11.0
77,24.2675,
991,35.260000000000005,4.0
997,27.5075,1.0
1033,37.0,2.0
58,17.3575,
218,30.267500000000002,1.0
2118,28.2175,10.0
124,43.3225,11.0
492,25.9375,1.0
193,31.5325,1.0
20,23.57,
1989,34.376666666666665,10.0
266,31.5925,3.0
300,23.535,3.0
1095,24.625,1.0
820,40.345,2.0
458,16.857499999999998,11.0
124,15.399999999999999,3.0
1332,13.4325,1.0
2247,15.7775,8.0
1288,23.4575,1.0
1972,22.6075,10.0
674,35.7175,2.0
1970,22.9025,10.0
1706,29.669999999999998,7.0
169,32.2175,1.0
295,23.027500000000003,1.0
1075,33.485,5.0
324,17.895,0.0
1651,37.0975,2.0
435,31.752499999999998,1.0
817,40.18,2.0
49,22.46,
1490,26.845,7.0
50,35.7075,
1589,37.0325,7.0
2268,18.12,8.0
302,47.805,3.0
252,38.43,2.0
1658,31.93,5.0
97,26.207500000000003,
123,34.0925,3.0
612,26.720000000000002,11.0
2011,23.1625,10.0
314,28.737499999999997,3.0
289,25.945,1.0
2293,22.9975,10.0
1521,8.4925,7.0
195,28.442500000000003,3.0
631,32.057500000000005,2.0
168,24.65,3.0
1929,35.3175,10.0
1279,23.134999999999998,11.0
1541,41.3125,11.0
1218,33.955,2.0
170,40.425,2.0
201,28.384999999999998,3.0
553,40.1525,2.0
1886,28.294999999999998,10.0
1835,28.8175,5.0
2237,30.9825,10.0
1492,24.7175,7.0
1468,14.875,7.0
1066,31.052500000000002,1.0
99,22.43,7.0
1324,24.1725,1.0
1097,35.075,2.0
173,28.94,3.0
360,43.8775,3.0
19,14.307500000000001,
1395,28.54,7.0
364,37.5125,2.0
1373,28.555,5.0
3,29.13,
1795,16.0975,7.0
365,21.41,3.0
2090,18.1075,8.0
66,18.9725,
793,32.49,11.0
260,22.5975,3.0
663,50.462500000000006,11.0
392,22.802500000000002,1.0
1586,36.144999999999996,5.0
712,37.565,4.0
1035,31.122500000000002,1.0
1666,17.68,7.0
219,19.465,3.0
418,30.333333333333332,1.0
396,36.9375,2.0
994,39.1875,2.0
727,25.0675,11.0
659,23.615000000000002,11.0
1397,38.47,11.0
337,24.785,3.0
591,23.125,1.0
250,21.165,3.0
940,33.3925,1.0
1538,20.1375,7.0
1707,43.92,11.0
301,27.707500000000003,1.0
522,39.4375,2.0
362,17.919999999999998,0.0
292,14.91,3.0
315,14.850000000000001,1.0
843,8.455,11.0
1515,29.2375,7.0
438,22.189999999999998,1.0
1995,23.4975,10.0
974,41.650000000000006,4.0
1923,29.6075,10.0
914,53.2525,4.0
1805,36.35,11.0
1718,34.537499999999994,11.0
1263,30.9075,1.0
69,43.2025,
440,34.69,2.0
917,30.740000000000002,5.0
1277,27.979999999999997,5.0
1181,20.384999999999998,1.0
2077,37.1125,10.0
391,22.2225,3.0
2139,42.3425,10.0
75,22.197499999999998,
1504,25.255,7.0
744,35.4725,2.0
650,21.655,11.0
1497,31.35,7.0
373,47.849999999999994,3.0
2156,40.4525,10.0
1277,26.6575,1.0
389,30.3875,1.0
1,15.6325,
1907,24.5925,10.0
1949,45.019999999999996,10.0
729,38.0025,2.0
486,42.37,4.0
695,21.25,11.0
2199,27.002499999999998,7.0
989,39.125,2.0
844,30.0125,11.0
196,41.935,3.0
561,38.72,2.0
341,22.84,3.0
1441,36.364999999999995,5.0
2206,28.5225,10.0
845,38.6025,4.0
73,38.629999999999995,
338,31.369999999999997,1.0
322,37.455,2.0
1229,43.8525,11.0
444,21.6725,3.0
384,41.04,2.0
308,30.8675,3.0
587,18.135,1.0
1541,26.8575,7.0
1257,34.57,2.0
609,16.6075,1.0
1059,29.36,5.0
392,48.6975,11.0
1396,27.372500000000002,7.0
434,36.745000000000005,3.0
1382,42.91,11.0
617,31.042499999999997,1.0
888,20.575,1.0
392,39.2975,2.0
130,28.4975,3.0
1811,40.3825,11.0
1369,25.544999999999998,7.0
891,40.4775,2.0
1751,33.6575,11.0
578,33.3225,1.0
584,33.7725,2.0
135,32.2525,3.0
240,33.285,3.0
915,24.4625,11.0
1610,16.68,7.0
843,14.575,1.0
1366,24.475,7.0
1091,27.4375,1.0
238,19.9925,3.0
928,24.245,1.0
677,36.8725,4.0
1109,23.15,11.0
417,31.965000000000003,3.0
2184,25.2675,10.0
794,30.455,11.0
652,40.5975,4.0
1555,22.5275,7.0
323,20.2225,3.0
581,29.9075,1.0
1034,23.447499999999998,1.0
267,41.192499999999995,3.0
218,39.8825,3.0
604,40.275,2.0
2570,24.865000000000002,10.0
604,32.335,11.0
872,36.5275,2.0
2616,22.8725,10.0
1369,14.997499999999999,7.0
690,32.9875,1.0
480,36.4875,2.0
687,30.182499999999997,11.0
984,19.57,1.0
530,36.58,4.0
1229,28.409999999999997,1.0
1519,31.025000000000002,5.0
1256,28.6475,1.0
1635,15.987499999999999,7.0
178,41.2875,2.0
1353,28.165,7.0
1546,35.150000000000006,11.0
632,17.46,1.0
290,26.294999999999998,1.0
1207,25.425,1.0
338,27.1675,3.0
2055,31.96,10.0
2483,23.0125,10.0
939,38.745000000000005,2.0
153,29.729999999999997,1.0
192,38.27166666666667,2.0
229,19.619999999999997,3.0
400,37.894999999999996,2.0
1645,30.335,7.0
363,43.0275,11.0
1211,23.9125,1.0
1907,39.3775,10.0
1494,28.82166666666667,7.0
158,35.442499999999995,1.0
553,23.245,11.0
349,19.197499999999998,3.0
499,42.4075,2.0
487,21.770000000000003,1.0
2569,37.224999999999994,10.0
216,21.384999999999998,3.0
1368,27.245,7.0
460,27.6175,11.0
1464,20.112499999999997,7.0
1363,31.49,5.0
1150,17.4225,1.0
443,34.0375,2.0
1033,32.085,5.0
795,34.28,4.0
722,35.3525,4.0
480,28.2525,11.0
325,29.720000000000002,1.0
788,33.8,1.0
1138,29.177500000000002,1.0
1036,29.4925,1.0
9,25.1075,
1067,20.622500000000002,1.0
1618,27.44,7.0
345,29.5475,1.0
365,24.4575,1.0
707,23.1875,1.0
1423,36.5975,5.0
1920,37.305,10.0
1982,31.335,10.0
1042,29.095,1.0
673,23.3,11.0
1376,40.2825,11.0
1896,35.2125,10.0
584,46.075,4.0
618,25.32,11.0
1786,25.9725,7.0
744,28.509999999999998,1.0
8,20.491666666666664,1.0
173,16.72,3.0
724,29.045,1.0
1094,26.44,1.0
432,27.6,3.0
1536,33.8725,5.0
724,18.67,11.0
5,24.835,
2129,18.48,8.0
59,33.785,
891,28.3975,1.0
1086,42.855000000000004,11.0
1956,41.1525,10.0
1824,34.397499999999994,11.0
388,30.3925,3.0
2174,21.565,10.0
1401,28.705,7.0
2137,14.575,7.0
1092,12.89,1.0
350,18.5825,3.0
1620,31.314999999999998,7.0
104,46.53,4.0
634,32.385,11.0
1336,25.605,1.0
795,21.615000000000002,1.0
502,28.7725,11.0
963,20.065,1.0
1042,51.5225,11.0
1965,46.695,10.0
746,20.84,1.0
1098,26.5275,1.0
252,21.4725,1.0
774,26.207499999999996,1.0
1225,29.939999999999998,5.0
991,39.7175,2.0
297,15.982499999999998,3.0
569,27.7175,1.0
2209,30.6225,10.0
341,23.92,3.0
700,40.805,4.0
792,20.0625,1.0
464,39.067499999999995,4.0
699,20.262500000000003,11.0
626,29.235,1.0
299,27.285000000000004,1.0
651,25.055,1.0
32,29.085,
193,22.8,1.0
2033,31.93,10.0
823,19.502499999999998,1.0
1323,26.525,1.0
294,27.6125,3.0
338,40.6025,2.0
798,48.7975,4.0
126,40.6475,3.0
732,18.6475,1.0
98,29.9575,1.0
323,27.455000000000002,3.0
1234,25.285,1.0
219,30.7125,1.0
2470,36.29,10.0
1404,39.0,11.0
1800,30.25,7.0
339,34.7325,2.0
1176,55.805,11.0
559,19.545,1.0
1470,24.1175,7.0
1108,25.7525,1.0
99,24.87,
1139,35.7325,2.0
1057,34.2025,4.0
642,20.5,1.0
843,30.752499999999998,11.0
1809,33.1425,7.0
1803,32.2375,7.0
1652,28.987499999999997,7.0
269,30.1575,1.0
1114,16.817500000000003,1.0
2093,23.8925,10.0
634,39.05,2.0
1588,33.29,5.0
1008,20.127499999999998,1.0
911,32.745,1.0
1921,32.199999999999996,10.0
2051,32.005,10.0
1083,18.3075,1.0
319,26.7325,1.0
1009,29.9025,5.0
451,21.945,3.0
1971,29.195,10.0
312,37.332499999999996,2.0
1815,27.8675,7.0
326,39.72,3.0
1141,41.9025,11.0
1379,26.5,7.0
362,41.792500000000004,3.0
557,16.6825,11.0
168,23.214999999999996,3.0
1589,33.4775,7.0
747,21.085,11.0
1131,25.7575,11.0
197,28.785000000000004,1.0
2005,28.095,10.0
1061,19.1375,1.0
1366,38.485,5.0
827,33.6025,1.0
2149,22.314999999999998,10.0
1113,35.3425,4.0
632,29.415,1.0
1225,23.4825,1.0
26,24.735,
170,18.235,3.0
1753,28.0475,5.0
1421,35.864999999999995,5.0
2584,33.2475,10.0
147,26.445,3.0
470,23.375,1.0
985,16.16,1.0
50,26.4125,
1253,31.6175,1.0
1133,26.3575,1.0
217,21.887500000000003,1.0
2003,24.6675,10.0
1705,29.9925,5.0
1152,25.442500000000003,1.0
1555,39.45,11.0
2341,27.16,10.0
880,27.3075,1.0
1395,41.0275,11.0
34,28.1325,
273,28.565,3.0
300,21.7825,3.0
556,16.9,11.0
371,32.3075,3.0
162,30.415,1.0
1957,29.1025,10.0
1,47.665,
1526,21.3825,7.0
826,28.6475,1.0
171,39.942499999999995,2.0
1251,17.18,1.0
253,34.8925,2.0
287,24.82,1.0
298,14.0325,0.0
396,29.5775,3.0
773,16.974999999999998,1.0
1265,26.869999999999997,1.0
265,23.3075,1.0
2042,23.55,10.0
323,30.35,1.0
2068,29.2125,10.0
2270,25.4525,10.0
1010,37.584999999999994,2.0
14,30.72,
1541,34.2975,11.0
1032,33.855000000000004,2.0
81,26.365,
1664,19.31,7.0
169,37.045,2.0
721,44.3675,11.0
2071,33.97,10.0
1093,32.644999999999996,1.0
159,36.114999999999995,3.0
497,23.130000000000003,1.0
1179,29.44,1.0
1170,28.939999999999998,1.0
625,43.385000000000005,11.0
1337,30.2925,1.0
1041,35.96,2.0
12,29.4075,
1660,24.1325,7.0
2041,28.5275,10.0
1975,8.1725,10.0
317,26.729999999999997,1.0
362,29.34,3.0
0,32.5275,1.0
1732,29.622500000000002,7.0
97,47.7825,
1978,26.89,10.0
1969,17.5825,10.0
97,27.637500000000003,
190,40.825,2.0
1973,29.619999999999997,10.0
1393,18.63,7.0
1632,25.6525,7.0
989,24.7725,1.0
246,49.1175,3.0
1163,22.287499999999998,11.0
292,24.395,1.0
192,43.775000000000006,11.0
380,26.23,3.0
195,16.975,3.0
1154,30.552500000000002,1.0
628,29.03,1.0
1128,19.35,1.0
171,37.875,3.0
1457,43.0475,11.0
987,37.7975,2.0
486,26.832500000000003,1.0
162,14.821666666666665,1.0
610,47.05,4.0
1929,13.16,8.0
1921,47.5025,10.0
1180,13.302499999999998,1.0
1377,18.7825,7.0
1516,16.29,7.0
1298,10.48,1.0
2241,28.09,10.0
986,25.825,1.0
28,24.3875,
2307,36.8225,11.0
1441,39.75,5.0
1023,35.065,2.0
1560,13.5125,7.0
343,29.2425,3.0
2268,39.677499999999995,10.0
1286,29.080000000000002,1.0
1436,37.475,5.0
1132,23.46,11.0
466,45.615,4.0
3,32.815,
29,26.98,
197,26.775,1.0
615,28.247500000000002,1.0
2508,26.96,10.0
7,34.2575,
264,37.89,3.0
1237,25.4225,1.0
1564,25.055,7.0
1033,25.6075,1.0
2334,22.4,10.0
494,29.6875,2.0
1586,24.275,7.0
536,25.82,1.0
1752,47.4725,11.0
320,45.035,11.0
251,35.2075,2.0
860,27.822499999999998,11.0
1565,31.7725,7.0
1153,49.1,4.0
574,36.2025,4.0
366,30.895,1.0
224,20.1675,3.0
154,31.862499999999997,3.0
130,22.7575,1.0
241,16.735,3.0
558,30.342499999999998,1.0
843,40.957499999999996,2.0
2126,34.775,10.0
1753,27.18,7.0
164,41.655,3.0
1588,22.817500000000003,7.0
1233,46.697500000000005,11.0
723,38.004999999999995,4.0
626,27.1075,1.0
322,35.325,3.0
1325,25.67,11.0
437,21.155,1.0
879,26.052500000000002,1.0
1644,28.002499999999998,5.0
3,37.0325,
290,25.065,1.0
1264,37.815,2.0
216,21.62,1.0
503,15.06,11.0
1013,25.095,11.0
539,13.91,1.0
1703,25.9975,7.0
1064,31.405,1.0
274,21.61,1.0
734,28.375,11.0
1400,29.16,5.0
683,28.04,1.0
485,12.685,11.0
466,24.4675,1.0
842,41.7725,11.0
627,25.2175,1.0
483,32.315,1.0
1702,19.942500000000003,7.0
488,25.23,11.0
1633,29.11,7.0
1177,39.5425,2.0
648,17.375,11.0
1635,28.29,7.0
393,25.24,2.0
577,35.2325,4.0
77,31.3125,
297,14.4875,3.0
1225,30.2725,1.0
1670,28.8725,7.0
1470,35.72,5.0
2259,19.875,8.0
559,25.957500000000003,1.0
209,30.5625,3.0
1528,35.56,5.0
912,37.2775,2.0
364,27.9425,3.0
38,26.735,
246,37.835,3.0
770,34.1,1.0
841,48.705,4.0
993,41.0475,2.0
1833,21.7175,7.0
7,16.2125,3.0
1514,20.197499999999998,7.0
989,27.795,5.0
1538,36.067499999999995,11.0
423,38.6225,2.0
1635,14.465,7.0
1883,19.5025,10.0
147,29.307499999999997,3.0
704,36.56999999999999,2.0
415,14.5475,1.0
468,26.950000000000003,1.0
1898,26.0225,10.0
1611,22.5075,7.0
2276,27.53,10.0
1209,29.445,1.0
326,30.387500000000003,1.0
1922,24.395,10.0
392,33.9975,3.0
684,33.572500000000005,11.0
1491,16.945,7.0
580,14.59,1.0
1516,24.64,7.0
984,20.125,1.0
1355,42.245,11.0
799,24.052500000000002,1.0
649,27.3475,11.0
1947,53.197500000000005,10.0
1061,28.3675,1.0
99,31.6175,
794,21.772499999999997,11.0
1030,42.754999999999995,11.0
474,46.004999999999995,4.0
51,22.244999999999997,
287,28.97166666666666,1.0
144,21.590000000000003,1.0
184,17.947499999999998,0.0
176,30.6375,1.0
180,39.41,2.0
60,24.585,
241,30.80426829268293,1.0
258,28.738139534883725,1.0
298,31.673658536585364,1.0
183,23.005,1.0
286,32.202299999999994,1.0
183,28.887500000000003,1.0
48,41.57,
191,30.652499999999996,1.0
292,32.150735294117645,1.0
0,29.6725,
194,29.81833333333334,1.0
318,29.98097826086957,1.0
187,30.10166666666667,1.0
180,28.9975,1.0
177,31.25,1.0
188,22.8125,1.0
252,31.613297872340436,1.0
173,32.895,1.0
147,25.475,1.0
177,30.70125,1.0
153,35.980000000000004,2.0
204,29.04,1.0
183,18.8525,0.0
273,27.644166666666667,1.0
243,32.48886363636363,1.0
7,25.284999999999997,
278,35.37636363636364,2.0
591,27.233235294117645,1.0
322,30.303974358974354,1.0
187,25.575,1.0
185,31.447499999999998,1.0
259,29.924222222222227,1.0
255,27.164069767441863,1.0
214,40.0625,2.0
5,28.14,
268,32.11872549019607,1.0
243,28.334183673469386,1.0
362,31.485113636363643,1.0
450,29.21484848484848,1.0
203,38.22,2.0
287,24.555428571428575,1.0
252,28.656744186046506,1.0
293,29.50637499999999,1.0
272,30.5029347826087,1.0
279,31.837099999999992,1.0
256,30.946020408163257,1.0
231,40.625,2.0
282,26.472209302325584,1.0
169,12.877500000000001,1.0
461,29.5438888888889,1.0
168,29.119999999999997,1.0
267,28.86562500000001,1.0
240,28.741860465116286,1.0
193,28.661666666666665,1.0
319,28.842926829268297,1.0
169,29.648333333333337,1.0
314,31.10333333333333,1.0
192,34.7775,2.0
145,28.862499999999997,1.0
27,38.9875,
179,26.814999999999998,1.0
192,37.165,2.0
31,26.979999999999997,
185,28.3,1.0
243,29.112448979591846,1.0
207,40.81166666666667,2.0
201,29.6425,1.0
243,27.682735849056602,1.0
144,16.64,0.0
168,37.5125,2.0
336,29.37946808510639,1.0
304,36.180888888888894,2.0
266,32.24675675675676,1.0
179,23.384999999999998,1.0
171,21.4375,1.0
182,30.14833333333333,1.0
50,48.2475,
191,18.189999999999998,0.0
289,29.14532608695652,1.0
254,29.653703703703698,1.0
187,28.8575,1.0
176,18.0825,0.0
269,27.55468085106383,1.0
247,25.788220338983056,1.0
168,42.07666666666666,11.0
79,21.342499999999998,
334,30.029204545454537,1.0
180,39.495000000000005,2.0
360,27.280595238095234,1.0
245,29.76848484848485,1.0
50,16.243333333333336,
199,27.903333333333332,1.0
168,17.572499999999998,0.0
217,13.040000000000001,0.0
506,28.363295454545458,1.0
195,33.254999999999995,1.0
194,24.380000000000003,1.0
362,37.183571428571426,2.0
170,20.9825,1.0
288,31.2301388888889,1.0
269,32.64175,1.0
253,30.663222222222224,1.0
254,28.642291666666654,1.0
177,28.73,1.0
148,25.11,1.0
306,28.772391304347824,1.0
261,27.011938775510206,1.0
278,27.39322916666666,1.0
175,14.63,0.0
189,41.870000000000005,11.0
256,26.31930232558139,1.0
168,28.65166666666667,1.0
53,46.417500000000004,
290,31.53309090909091,1.0
184,22.012500000000003,1.0
178,37.02375,2.0
188,22.80666666666667,1.0
176,35.2025,2.0
144,32.745000000000005,1.0
225,32.545,1.0
266,32.56181818181819,1.0
240,30.974404761904765,1.0
196,29.05375,1.0
370,31.7953409090909,1.0
283,26.94234042553192,1.0
189,30.720000000000002,1.0
241,27.67390243902439,1.0
252,27.565306122448984,1.0
173,17.481666666666666,0.0
364,33.4425,1.0
279,27.540999999999997,1.0
260,32.18022727272727,1.0
293,29.00309523809524,1.0
183,32.65,1.0
195,40.17166666666666,2.0
182,35.3425,2.0
178,20.1,0.0
194,23.542499999999997,1.0
79,28.075,
169,23.423333333333336,1.0
245,25.803452380952383,1.0
278,29.32111111111111,1.0
184,38.15125,2.0
194,15.5975,0.0
189,24.197499999999998,1.0
215,25.305,1.0
29,48.935,
219,17.5475,0.0
209,25.6375,1.0
241,28.113809523809522,1.0
145,26.95,1.0
5,32.77,
321,31.65236111111111,1.0
262,30.119468085106387,1.0
242,37.27271739130435,2.0
172,36.75,2.0
173,41.150000000000006,2.0
179,33.67,2.0
155,18.18,0.0
241,30.495348837209306,1.0
178,30.72666666666667,1.0
274,28.93418604651163,1.0
382,26.838749999999997,1.0
194,21.93,1.0
181,29.2675,1.0
181,32.88833333333333,1.0
296,33.58922222222222,1.0
347,29.348804347826093,1.0
262,30.544069767441854,1.0
270,31.498846153846152,1.0
183,21.465000000000003,1.0
288,28.704000000000004,1.0
169,20.043333333333333,0.0
286,29.933513513513507,1.0
189,29.3675,1.0
351,33.006842105263146,1.0
190,16.259999999999998,0.0
58,24.002499999999998,
153,11.625,0.0
104,39.33,
168,35.57833333333334,2.0
168,20.6725,0.0
241,28.350128205128193,1.0
176,21.683333333333334,1.0
172,35.4675,2.0
168,35.49,2.0
267,32.91435897435897,1.0
323,31.67641304347826,1.0
172,28.92833333333333,1.0
321,31.47984375,1.0
190,24.9175,1.0
243,29.897941176470596,1.0
206,34.435,2.0
298,31.43386363636364,1.0
186,20.127499999999998,0.0
151,22.705,1.0
240,25.255714285714287,1.0
92,35.4525,
172,23.295,1.0
387,28.564310344827582,1.0
190,30.037499999999998,1.0
264,28.73326086956522,1.0
299,29.435641025641026,1.0
314,31.356428571428577,1.0
193,23.9,1.0
283,27.793571428571425,1.0
210,14.015,0.0
168,31.0475,1.0
193,36.54,2.0
281,29.63315217391305,1.0
253,29.339791666666667,1.0
246,29.070555555555565,1.0
353,31.06681818181818,1.0
176,38.655,2.0
256,27.424508196721316,1.0
2,23.9975,
169,36.91,2.0
282,26.57697674418604,1.0
305,30.999999999999996,1.0
208,38.685,2.0
189,22.197499999999998,1.0
173,16.66166666666667,0.0
177,30.873333333333335,1.0
193,19.4825,0.0
271,29.63378378378378,1.0
39,10.9525,
320,27.369318181818183,1.0
300,30.54291666666666,1.0
195,30.875,1.0
361,28.814607843137257,1.0
253,29.744326923076926,1.0
170,28.1475,1.0
436,28.53644736842105,1.0
254,30.537222222222226,1.0
219,28.377499999999998,1.0
398,31.579999999999995,1.0
286,26.828699999999994,1.0
176,21.7375,1.0
172,53.825,11.0
299,29.86452830188678,1.0
211,17.637500000000003,0.0
170,22.1375,1.0
173,21.2775,1.0
191,19.556250000000002,0.0
188,35.082499999999996,2.0
197,14.753333333333332,0.0
208,18.66,0.0
52,21.715,
250,30.45487804878049,1.0
324,29.730000000000004,1.0
53,36.915,
243,28.44714285714286,1.0
177,28.97,1.0
176,38.42000000000001,2.0
334,30.41114583333334,1.0
354,30.81426829268291,1.0
379,27.354456521739127,1.0
268,29.89577777777778,1.0
370,30.543382352941173,1.0
324,25.96866666666667,1.0
50,32.2675,
148,36.6825,2.0
208,28.1025,1.0
246,29.00476190476191,1.0
179,37.21,2.0
318,30.72073170731706,1.0
194,40.68,2.0
255,28.65794117647059,1.0
170,28.552500000000002,1.0
169,23.490000000000002,1.0
49,34.79,
251,27.26175438596492,1.0
168,42.535,11.0
297,30.592567567567574,1.0
172,17.523333333333337,0.0
349,28.257500000000004,1.0
196,35.4,2.0
88,33.81666666666666,
37,18.375,
239,26.415434782608692,1.0
275,30.472111111111126,1.0
304,30.696590909090904,1.0
280,30.351538461538464,1.0
213,7.34,0.0
171,33.1475,1.0
199,53.565,11.0
187,41.68666666666667,11.0
267,29.78705882352941,1.0
77,22.6575,
204,50.227500000000006,11.0
256,30.960833333333333,1.0
60,38.0775,
207,26.6525,1.0
61,28.817500000000003,
270,33.310138888888886,1.0
211,29.015,1.0
206,36.235,2.0
264,25.904387755102036,1.0
192,27.973333333333333,1.0
277,27.413499999999992,1.0
291,29.519000000000005,1.0
292,27.996625,1.0
179,20.873333333333335,1.0
184,24.456666666666667,1.0
170,35.06166666666667,2.0
201,36.675,2.0
266,29.88008771929825,1.0
171,33.3325,1.0
50,27.34,
245,28.632702702702698,1.0
196,27.005,1.0
327,29.766444444444446,1.0
244,30.45439024390244,1.0
278,30.330000000000002,1.0
152,29.12,1.0
195,30.313333333333333,1.0
194,35.305,2.0
5,42.9225,
358,29.304399999999998,1.0
171,27.265,1.0
201,29.6,1.0
246,29.53636363636364,1.0
277,31.51,1.0
270,32.429574468085114,1.0
290,29.59702380952381,1.0
225,42.1375,11.0
263,26.795545454545447,1.0
150,40.71,2.0
254,28.62141509433962,1.0
255,28.735999999999994,1.0
57,38.9725,
267,27.57283783783783,1.0
251,32.30822916666667,1.0
461,34.069021739130434,2.0
146,44.635,11.0
153,40.205,2.0
148,31.962500000000002,1.0
258,28.10520833333334,1.0
196,45.19,11.0
204,20.0925,0.0
299,33.77723404255319,2.0
62,29.395,
210,25.877499999999998,1.0
110,29.947499999999998,
176,33.343333333333334,1.0
289,29.4625,1.0
275,26.597727272727273,1.0
150,28.45,1.0
380,29.370975609756105,1.0
285,27.095545454545466,1.0
0,29.7425,
253,30.490425531914898,1.0
264,31.41300000000001,1.0
242,31.554459459459455,1.0
255,30.328068181818182,1.0
422,28.838297872340434,1.0
182,18.923333333333332,0.0
257,30.88616279069768,1.0
193,24.415000000000003,1.0
251,28.932083333333342,1.0
200,26.5175,1.0
272,31.486341463414636,1.0
242,28.9795,1.0
248,32.03076086956521,1.0
150,35.7775,2.0
261,32.992,1.0
204,13.29,0.0
241,33.03645161290322,1.0
51,35.230000000000004,
318,27.96614583333333,1.0
173,26.18,1.0
169,33.501666666666665,1.0
211,28.205,1.0
172,20.0325,0.0
161,29.953999999999997,1.0
172,23.74,1.0
219,16.7225,0.0
168,23.6525,1.0
252,31.052272727272733,1.0
182,27.371666666666666,1.0
268,31.424545454545463,1.0
145,28.52,1.0
260,31.550000000000004,1.0
270,24.79691176470588,1.0
171,19.623333333333335,0.0
242,28.23767441860465,1.0
151,31.2775,1.0
186,37.82,2.0
194,30.7225,1.0
244,30.805760869565212,1.0
395,30.470540540540544,1.0
173,29.996250000000003,1.0
265,31.24010416666667,1.0
260,28.653863636363635,1.0
292,29.60179487179488,1.0
253,29.06726190476191,1.0
266,28.547399999999996,1.0
191,32.464999999999996,1.0
173,32.04666666666666,1.0
176,38.50833333333333,2.0
182,30.74,1.0
320,29.049130434782615,1.0
190,18.48375,0.0
187,42.9725,11.0
170,35.3925,2.0
528,29.889605263157897,1.0
287,30.32460000000001,1.0
354,28.41023809523809,1.0
241,28.786702127659577,1.0
318,28.503292682926823,1.0
194,35.26,2.0
172,35.62166666666666,2.0
325,31.758205128205127,1.0
348,26.55833333333334,1.0
185,27.98,1.0
149,34.615,2.0
306,29.186176470588236,1.0
196,22.855,1.0
192,34.16166666666667,2.0
491,34.36347222222221,2.0
219,13.790000000000001,0.0
260,31.236020408163263,1.0
297,31.053369565217398,1.0
176,31.3925,1.0
158,16.645,0.0
181,36.575,2.0
297,30.216190476190473,1.0
241,29.20021276595745,1.0
286,27.934519230769233,1.0
175,26.471666666666664,1.0
244,28.864375,1.0
283,29.07630434782607,1.0
184,26.939431818181813,1.0
318,31.289666666666665,1.0
248,31.27577586206896,1.0
49,25.849999999999998,
206,20.237499999999997,0.0
360,27.418452380952377,1.0
155,26.5625,1.0
288,29.79425531914893,1.0
263,29.246315789473687,1.0
168,19.223333333333333,0.0
325,34.15927083333333,2.0
269,32.37340909090909,1.0
274,30.751511627906982,1.0
263,28.502111111111116,1.0
202,24.0175,1.0
260,30.419250000000005,1.0
187,23.8125,1.0
175,28.831666666666667,1.0
432,28.60244680851064,1.0
173,30.0325,1.0
211,33.8575,2.0
261,28.817307692307693,1.0
188,28.302500000000002,1.0
285,34.94308510638298,2.0
15,44.3825,
301,31.159534883720934,1.0
218,22.3325,1.0
182,36.9425,2.0
190,31.23,1.0
270,31.20500000000001,1.0
295,31.827083333333334,1.0
244,34.76440476190477,2.0
213,52.23833333333334,11.0
219,12.6825,0.0
261,25.888552631578943,1.0
173,22.189,1.0
374,30.025454545454547,1.0
288,27.36770833333333,1.0
313,29.110000000000007,1.0
341,29.60523255813952,1.0
49,15.825,
252,28.459300000000006,1.0
265,29.009729729729735,1.0
49,20.9175,
151,35.2525,2.0
191,29.15833333333333,1.0
151,24.2425,1.0
277,29.00357142857143,1.0
286,27.707653061224484,1.0
172,21.82,1.0
187,31.009999999999998,1.0
269,28.436333333333327,1.0
48,26.9425,
313,31.83297297297297,1.0
172,42.3,11.0
322,30.636739130434773,1.0
187,25.386666666666667,1.0
371,29.559166666666677,1.0
149,41.212500000000006,2.0
215,27.775,1.0
249,29.11722222222222,1.0
260,31.961315789473677,1.0
249,29.151250000000005,1.0
1,14.487499999999999,
243,30.479615384615386,1.0
310,28.877875,1.0
359,26.792500000000004,1.0
410,31.885937499999994,1.0
274,25.569565217391304,1.0
204,30.8125,1.0
51,39.92166666666666,
278,32.550104166666664,1.0
178,13.5075,0.0
49,28.915000000000003,
197,19.8675,0.0
520,29.800405405405407,1.0
248,28.9856862745098,1.0
243,27.916666666666668,1.0
157,39.9925,2.0
195,17.55625,0.0
179,43.129999999999995,11.0
198,30.48,1.0
258,31.476808510638314,1.0
245,32.480588235294114,1.0
244,29.130116279069764,1.0
150,51.1075,11.0
183,50.9075,11.0
173,22.55666666666667,1.0
196,13.0775,0.0
276,30.91233333333334,1.0
108,32.3575,
285,28.74357142857142,1.0
216,28.985,1.0
310,32.546710526315785,1.0
300,26.268387096774187,1.0
196,39.5125,2.0
176,29.746666666666666,1.0
244,25.442051282051278,1.0
196,24.425,1.0
242,29.96999999999999,1.0
266,32.400568181818194,1.0
325,31.485869565217396,1.0
172,25.39375,1.0
276,34.97552631578947,2.0
245,28.753369565217394,1.0
212,19.53,0.0
154,19.822499999999998,0.0
217,31.7875,1.0
240,29.588229166666654,1.0
268,31.766923076923085,1.0
48,25.0525,
192,27.973750000000003,1.0
286,29.465476190476195,1.0
313,27.995348837209296,1.0
248,32.17657142857143,1.0
173,18.445,0.0
203,21.7175,1.0
213,28.145,1.0
312,29.84499999999999,1.0
170,39.1025,2.0
296,29.26033333333333,1.0
193,27.823333333333334,1.0
178,29.817500000000003,1.0
4,43.817499999999995,
185,36.7875,2.0
192,32.705,1.0
251,31.120319148936176,1.0
265,30.39154761904762,1.0
170,33.22,1.0
53,35.879999999999995,
197,25.7525,1.0
247,27.581590909090906,1.0
176,29.495,1.0
202,27.012500000000003,1.0
255,29.551956521739132,1.0
25,29.299999999999997,
262,29.700131578947374,1.0
177,45.3425,11.0
202,20.192500000000003,0.0
242,32.00405405405406,1.0
203,46.504999999999995,11.0
205,26.475,1.0
220,18.315,0.0
242,31.277297297297302,1.0
305,29.088414634146336,1.0
263,27.63829268292683,1.0
318,27.267187499999995,1.0
157,12.8925,0.0
365,31.064166666666665,1.0
2,33.8975,
189,38.555,2.0
336,29.81846153846154,1.0
183,24.886666666666667,1.0
50,29.42,
2,26.4025,
264,31.425102040816334,1.0
151,8.23,0.0
147,41.7025,11.0
330,29.496022727272734,1.0
50,29.189999999999998,
214,28.64723684210527,1.0
177,38.3775,2.0
258,29.23718749999999,1.0
196,39.9375,2.0
73,36.879999999999995,
283,28.399772727272737,1.0
276,30.91608108108108,1.0
264,31.683461538461536,1.0
300,33.33157407407408,1.0
258,27.53051020408163,1.0
194,36.7125,2.0
301,26.209999999999994,1.0
265,27.66011627906977,1.0
322,30.442000000000014,1.0
175,20.255000000000003,0.0
185,29.115000000000002,1.0
203,15.865,0.0
172,36.678333333333335,2.0
207,47.769999999999996,11.0
276,30.07848837209303,1.0
180,29.565,1.0
295,29.230609756097554,1.0
278,29.976511627906984,1.0
285,28.50326923076923,1.0
29,26.4125,
341,27.276071428571424,1.0
55,16.5225,
313,32.63414634146341,1.0
185,26.116666666666664,1.0
321,28.00566666666666,1.0
214,36.6175,2.0
278,32.28542553191489,1.0
242,31.467653061224507,1.0
174,25.39,1.0
243,28.921250000000004,1.0
203,38.526666666666664,2.0
171,16.7775,0.0
202,15.51,0.0
213,22.9775,1.0
175,18.9125,0.0
146,34.89,2.0
324,25.87602941176471,1.0
297,31.424555555555557,1.0
184,29.855,1.0
195,29.110000000000003,1.0
201,36.962500000000006,2.0
309,30.915350877192974,1.0
266,31.74478723404255,1.0
175,18.768333333333334,0.0
388,31.31770833333333,1.0
278,28.79437499999999,1.0
292,32.599512195121946,1.0
157,21.145,1.0
355,28.121219512195122,1.0
150,28.7425,1.0
268,31.697400000000002,1.0
245,30.502763157894737,1.0
258,29.872391304347808,1.0
168,24.6725,1.0
189,31.435000000000002,1.0
4,24.5,
5,14.232500000000002,
187,22.586666666666662,1.0
185,39.60125,2.0
248,28.447624999999995,1.0
188,33.589999999999996,1.0
283,29.387500000000003,1.0
341,28.26976744186047,1.0
183,18.549999999999997,0.0
189,37.45,2.0
224,27.8775,1.0
145,37.010000000000005,2.0
188,20.572499999999998,0.0
168,17.765,0.0
331,31.384047619047607,1.0
281,26.548548387096773,1.0
175,24.7575,1.0
173,26.606666666666666,1.0
180,37.5525,2.0
528,32.99948717948718,1.0
246,26.354583333333334,1.0
241,29.46614583333333,1.0
268,29.91854166666667,1.0
318,31.258240740740735,1.0
349,28.58094339622642,1.0
186,37.885000000000005,2.0
276,33.69754901960784,2.0
192,35.835,2.0
241,32.81377551020409,1.0
53,29.0175,
172,44.89,11.0
241,27.914803921568627,1.0
242,28.55666666666667,1.0
178,16.5225,0.0
248,30.843076923076918,1.0
203,21.8125,1.0
296,30.835849056603774,1.0
246,25.303500000000003,1.0
1,44.115,
155,19.38,0.0
366,27.59957446808511,1.0
186,45.8925,11.0
224,45.0575,11.0
151,37.495,2.0
171,33.2675,1.0
185,34.52333333333333,2.0
260,29.103536585365855,1.0
210,25.57166666666667,1.0
242,29.606410256410246,1.0
148,49.735,11.0
176,32.97333333333333,1.0
49,48.1075,
316,30.630384615384617,1.0
188,25.685,1.0
151,38.455,2.0
177,39.53666666666667,2.0
168,28.103333333333335,1.0
241,26.46892156862745,1.0
147,32.46,1.0
185,38.74375,2.0
652,31.988717948717948,1.0
302,30.147619047619052,1.0
192,21.85666666666667,1.0
204,40.5375,2.0
242,28.93255813953488,1.0
193,27.197499999999998,1.0
285,30.182333333333325,1.0
5,14.267500000000002,
255,29.75871794871795,1.0
180,16.00375,0.0
170,51.932500000000005,11.0
170,31.376666666666665,1.0
193,28.481666666666666,1.0
170,28.11,1.0
49,17.32,
245,31.283541666666668,1.0
260,27.567500000000003,1.0
178,27.27,1.0
2,43.4875,
3,25.2175,
269,30.569318181818186,1.0
247,31.007159090909102,1.0
195,22.55,1.0
339,28.6625,1.0
321,29.151739130434787,1.0
675,30.587840909090914,1.0
1,29.520000000000003,
240,29.080121951219514,1.0
208,20.2325,0.0
182,29.33,1.0
187,28.353333333333335,1.0
199,26.472500000000004,1.0
240,26.588750000000005,1.0
172,33.7325,2.0
325,29.93344444444444,1.0
245,29.494069767441868,1.0
170,31.950000000000003,1.0
72,18.028333333333336,
263,24.785,1.0
220,14.605,0.0
248,30.08579545454546,1.0
169,24.365000000000002,1.0
253,31.056136363636366,1.0
170,17.342,0.0
323,27.55348837209302,1.0
48,31.095,
183,29.788333333333338,1.0
175,38.42,2.0
173,21.694999999999997,1.0
194,19.015,0.0
182,28.995,1.0
288,32.40914893617021,1.0
169,18.2225,0.0
79,36.4825,
149,28.305,1.0
206,24.18,1.0
3,24.7325,
244,25.954761904761913,1.0
241,29.228229166666665,1.0
49,23.8125,
145,17.67,0.0
277,27.064142857142862,1.0
365,31.248947368421053,1.0
187,23.6925,1.0
52,27.28,
5,16.073333333333334,
341,25.272857142857145,1.0
169,52.275,11.0
193,23.259999999999998,1.0
389,31.244565217391308,1.0
261,32.59344444444445,1.0
157,44.2475,11.0
241,32.76192307692307,1.0
193,36.733333333333334,2.0
274,29.797542372881342,1.0
74,29.92,
0,29.880000000000003,
195,21.711666666666662,1.0
244,30.707375000000003,1.0
299,28.837500000000002,1.0
309,27.084000000000003,1.0
186,21.68,1.0
287,30.173365384615376,1.0
174,34.692499999999995,2.0
53,27.28,
190,29.4675,1.0
269,31.162954545454536,1.0
168,34.946666666666665,2.0
173,15.594999999999999,0.0
188,39.8275,2.0
264,29.970975609756092,1.0
182,21.8125,1.0
310,29.424605263157893,1.0
217,36.915,2.0
203,29.80666666666667,1.0
354,26.97306818181818,1.0
245,26.73223404255319,1.0
253,28.129999999999995,1.0
263,29.705288461538466,1.0
195,31.197499999999998,1.0
257,30.320188679245284,1.0
201,43.25,11.0
168,41.580000000000005,11.0
243,30.10758333333333,1.0
182,27.2075,1.0
260,29.490937499999987,1.0
210,25.005,1.0
255,29.653421052631582,1.0
195,26.135,1.0
268,30.521363636363628,1.0
256,28.283125000000002,1.0
154,24.55,1.0
287,28.60370967741935,1.0
206,33.73,2.0
2,22.802500000000002,
204,18.4975,0.0
242,29.692386363636363,1.0
241,29.438749999999995,1.0
333,30.975480769230767,1.0
191,16.775,0.0
283,32.58857142857143,1.0
204,36.644999999999996,2.0
265,29.083545454545447,1.0
193,38.735,2.0
148,36.6,2.0
168,38.151666666666664,2.0
171,30.1375,1.0
230,22.3175,1.0
172,23.4175,1.0
27,30.435000000000002,
204,26.565,1.0
170,31.665,1.0
211,25.12,1.0
196,32.557500000000005,1.0
192,43.88,11.0
182,37.4475,2.0
266,30.201909090909094,1.0
50,19.305,
10,36.54,
245,27.97694444444444,1.0
177,36.178333333333335,2.0
93,29.009999999999998,
195,33.093333333333334,1.0
254,29.29,1.0
47,31.081666666666667,
182,32.725,1.0
168,17.403333333333332,0.0
250,30.034625,1.0
282,29.027674418604658,1.0
326,33.05986486486487,1.0
169,22.896666666666665,1.0
173,30.235,1.0
201,17.8875,0.0
154,19.55,0.0
168,15.963333333333333,0.0
198,27.7125,1.0
371,28.985689655172415,1.0
172,24.14,1.0
215,35.1925,2.0
199,25.689999999999998,1.0
218,16.79,0.0
152,31.235,1.0
315,31.644302325581403,1.0
290,29.995978260869553,1.0
187,33.6225,1.0
264,28.76759615384614,1.0
306,31.956875000000007,1.0
328,29.219897959183665,1.0
185,22.125,1.0
51,55.66,
276,33.390392156862745,1.0
184,19.075000000000003,0.0
219,40.0075,2.0
261,29.466499999999996,1.0
264,25.035000000000004,1.0
194,34.1225,2.0
378,30.396571428571423,1.0
281,26.654047619047613,1.0
174,32.32,1.0
406,27.325438596491235,1.0
244,26.19755813953488,1.0
297,28.18769230769231,1.0
286,30.058048780487812,1.0
185,26.7125,1.0
194,38.605,2.0
188,36.1,2.0
171,33.82333333333333,2.0
186,37.852500000000006,2.0
336,26.97838235294117,1.0
256,30.569499999999998,1.0
291,29.83585365853659,1.0
244,29.90079545454545,1.0
158,34.582499999999996,2.0
337,30.399130434782606,1.0
185,20.635,0.0
258,27.240204081632648,1.0
171,30.1775,1.0
206,21.93,1.0
259,31.525700000000008,1.0
240,27.665555555555564,1.0
245,29.383488372093034,1.0
360,28.943888888888882,1.0
240,26.12243243243243,1.0
301,32.37764705882352,1.0
187,31.99333333333333,1.0
192,42.64,11.0
191,31.153333333333336,1.0
254,28.15413461538461,1.0
185,29.6075,1.0
246,31.492631578947375,1.0
7,38.4125,
251,29.053000000000008,1.0
259,30.72141304347826,1.0
325,30.891046511627902,1.0
313,27.23060975609756,1.0
249,30.693452380952387,1.0
323,30.258648648648652,1.0
2,28.0175,
146,37.73,2.0
254,31.6714,1.0
191,19.8625,0.0
3,35.150000000000006,
181,19.131666666666668,0.0
193,36.285,2.0
287,27.518829787234036,1.0
179,16.53,0.0
170,20.0975,0.0
176,25.2925,1.0
187,23.14,1.0
60,23.4775,
378,30.072419354838708,1.0
245,32.75255813953488,1.0
169,28.151249999999997,1.0
346,28.198666666666664,1.0
184,35.75833333333333,2.0
208,36.3325,2.0
325,29.50228571428572,1.0
270,27.064999999999998,1.0
268,28.793749999999996,1.0
194,33.9725,2.0
299,32.37053571428571,1.0
257,33.287,1.0
52,30.7425,
336,28.90478723404254,1.0
257,30.163000000000007,1.0
179,17.1625,0.0
191,29.825,1.0
283,31.42634615384616,1.0
218,29.3875,1.0
182,24.708000000000002,1.0
189,21.558333333333334,1.0
403,26.961944444444452,1.0
298,29.25369047619047,1.0
247,28.483522727272735,1.0
333,29.38631578947368,1.0
201,29.235,1.0
170,20.93,1.0
171,15.217500000000001,0.0
279,30.629787234042556,1.0
183,29.680000000000003,1.0
281,31.956794871794866,1.0
268,29.88204545454545,1.0
272,30.327435897435898,1.0
192,33.125,1.0
247,31.216052631578947,1.0
434,31.735147058823532,1.0
250,29.415416666666673,1.0
168,14.235,0.0
301,30.816749999999995,1.0
190,30.34,1.0
210,17.325,0.0
171,30.198333333333334,1.0
268,32.208720930232566,1.0
365,25.331046511627914,1.0
196,26.515,1.0
226,22.6075,1.0
157,32.95,1.0
316,28.454255319148924,1.0
255,28.87848837209302,1.0
289,29.71051282051282,1.0
295,31.020348837209298,1.0
241,30.707403846153845,1.0
53,28.6075,
275,28.141162790697678,1.0
185,23.15,1.0
330,30.012346938775526,1.0
169,22.528333333333336,1.0
174,46.175,11.0
341,26.209047619047617,1.0
272,28.98884615384615,1.0
352,30.76242424242424,1.0
73,39.839999999999996,
247,27.660952380952374,1.0
337,31.960789473684205,1.0
350,29.553900000000013,1.0
323,30.26803921568628,1.0
212,14.7725,0.0
247,32.36922413793103,1.0
264,27.644479166666667,1.0
246,29.695833333333333,1.0
273,29.638382352941182,1.0
147,14.079999999999998,0.0
407,28.117244897959182,1.0
144,42.807500000000005,11.0
266,32.06053191489361,1.0
187,32.3025,1.0
182,31.22,1.0
217,27.881666666666664,1.0
183,17.215,0.0
200,23.025000000000002,1.0
177,19.868333333333336,0.0
191,26.682499999999997,1.0
188,26.0,1.0
295,31.79347222222223,1.0
254,31.721734693877554,1.0
333,29.676805555555557,1.0
277,28.22176470588235,1.0
169,28.9375,1.0
172,24.70375,1.0
338,30.165595238095243,1.0
310,27.30895348837209,1.0
275,27.9747,1.0
214,23.35,1.0
256,29.377830188679248,1.0
171,30.0625,1.0
329,30.314313725490194,1.0
289,29.235468749999995,1.0
241,28.05919642857142,1.0
299,31.524711538461546,1.0
240,27.48598039215687,1.0
334,29.96009615384616,1.0
99,33.8375,
175,33.946666666666665,2.0
199,16.433333333333334,0.0
193,22.822499999999998,1.0
253,29.873055555555556,1.0
179,43.2175,11.0
380,31.80115384615385,1.0
277,28.81688888888889,1.0
172,24.957500000000003,1.0
173,21.247500000000002,1.0
244,30.34320512820512,1.0
274,26.578699999999998,1.0
317,29.15522727272727,1.0
208,28.8525,1.0
191,24.935000000000002,1.0
197,12.52,0.0
269,29.749166666666667,1.0
548,25.087096774193547,1.0
49,22.555,
286,31.181097560975616,1.0
168,28.095,1.0
272,33.03170454545454,1.0
187,21.7675,1.0
26,37.4075,
243,30.14489130434782,1.0
77,44.81,
60,10.0525,
153,52.8875,11.0
193,25.53125,1.0
183,29.8875,1.0
196,26.86,1.0
279,29.15142857142857,1.0
410,28.604625,1.0
186,25.816666666666666,1.0
242,27.79313725490196,1.0
172,42.6975,11.0
181,19.903333333333332,0.0
63,38.1125,
185,29.0475,1.0
169,30.597499999999997,1.0
213,16.93,0.0
291,28.095113636363635,1.0
231,26.3375,1.0
57,26.47,
303,29.349574468085102,1.0
245,28.623148148148147,1.0
171,25.055,1.0
172,40.1875,2.0
87,28.22666666666667,
313,33.81395348837209,2.0
180,25.21,1.0
242,27.254375,1.0
330,29.75321428571428,1.0
300,28.168906250000003,1.0
352,27.926025641025646,1.0
337,30.228191489361695,1.0
284,31.219019607843144,1.0
189,32.2525,1.0
182,25.136666666666667,1.0
241,31.790918367346936,1.0
285,28.86295918367346,1.0
172,32.3625,1.0
197,24.7325,1.0
168,39.343333333333334,2.0
459,28.825138888888887,1.0
317,30.08829545454545,1.0
230,28.935,1.0
262,27.195100000000004,1.0
351,28.82670212765958,1.0
0,23.3625,
81,36.45,
279,30.885609756097548,1.0
325,29.741111111111113,1.0
244,28.363777777777777,1.0
246,29.48456521739131,1.0
197,28.8025,1.0
265,31.38870370370371,1.0
187,21.82125,1.0
241,29.5765306122449,1.0
291,29.826315789473682,1.0
144,28.5775,1.0
248,31.0613725490196,1.0
168,38.55,2.0
9,33.435,
75,38.775,
96,24.427500000000002,
249,27.599199999999986,1.0
242,29.407424242424245,1.0
272,27.69009090909091,1.0
317,31.63124999999999,1.0
158,27.4275,1.0
197,31.60773584905661,1.0
178,25.535,1.0
259,31.710096153846163,1.0
188,31.263333333333332,1.0
171,20.2825,0.0
173,20.913333333333334,1.0
192,26.9125,1.0
241,29.380204081632655,1.0
361,30.418902439024382,1.0
205,37.205,2.0
270,34.108857142857154,2.0
197,22.1075,1.0
293,28.76775862068967,1.0
182,26.4225,1.0
173,46.5325,11.0
177,32.3925,1.0
187,26.48,1.0
193,10.05,0.0
172,32.0975,1.0
195,32.4275,1.0
145,40.197500000000005,2.0
194,26.560000000000002,1.0
257,31.62921052631579,1.0
310,28.739285714285707,1.0
177,27.322499999999998,1.0
220,21.055,1.0
155,30.11825581395349,1.0
79,32.435,
309,32.57474358974358,1.0
173,25.218333333333334,1.0
176,45.325,11.0
151,42.197500000000005,11.0
187,25.7,1.0
50,30.93,
170,25.229166666666668,1.0
199,37.540000000000006,2.0
171,22.69666666666667,1.0
312,33.63363636363636,1.0
246,32.21340909090909,1.0
72,9.219999999999999,
347,30.141442307692316,1.0
180,28.3475,1.0
445,30.62738095238095,1.0
174,15.497499999999999,0.0
192,39.095,2.0
193,21.785,1.0
272,27.608947368421056,1.0
183,42.1,11.0
174,23.37,1.0
181,30.08666666666667,1.0
211,26.9825,1.0
253,29.774705882352936,1.0
169,34.36833333333333,2.0
295,28.903984374999997,1.0
360,28.893947368421053,1.0
172,37.44,2.0
153,35.905,2.0
169,31.345,1.0
263,28.675138888888892,1.0
178,29.552500000000002,1.0
188,39.9225,2.0
173,41.115,2.0
200,33.7725,2.0
168,35.8225,2.0
241,32.38519999999999,1.0
347,31.459673913043474,1.0
202,26.4125,1.0
182,9.530000000000001,0.0
63,41.555,
171,20.814999999999998,0.0
203,42.4425,11.0
171,26.834999999999997,1.0
254,30.352708333333325,1.0
244,28.585256410256413,1.0
317,33.4154,1.0
267,26.26269230769231,1.0
80,22.18166666666667,
336,29.526666666666667,1.0
175,45.88,11.0
168,25.43,1.0
211,28.5475,1.0
214,25.137500000000003,1.0
222,41.42,2.0
172,33.77,2.0
175,33.5,1.0
85,34.625,
264,27.279999999999994,1.0
256,29.764591836734688,1.0
15,24.155,
183,30.5,1.0
290,28.726595744680854,1.0
386,27.110487804878044,1.0
254,28.962352941176476,1.0
181,20.455,0.0
185,39.3925,2.0
241,29.153260869565226,1.0
260,26.72344827586207,1.0
320,32.056000000000004,1.0
171,29.4575,1.0
147,38.8475,2.0
288,29.553030303030305,1.0
272,31.460888888888885,1.0
257,31.079124999999998,1.0
304,33.116395348837216,1.0
384,31.715897435897432,1.0
49,24.009999999999998,
344,28.693461538461534,1.0
197,22.0375,1.0
450,29.89776595744681,1.0
144,38.795,2.0
244,26.79927083333334,1.0
189,35.1975,2.0
194,21.939999999999998,1.0
274,27.45771739130435,1.0
171,32.2325,1.0
177,19.92,0.0
333,30.580568181818183,1.0
260,30.731951219512194,1.0
168,33.793749999999996,2.0
192,28.482499999999998,1.0
301,27.08531914893616,1.0
49,20.036666666666665,
189,20.67125,0.0
206,25.3375,1.0
261,30.195760869565216,1.0
170,35.27,2.0
199,38.27833333333333,2.0
211,32.92,1.0
191,19.8125,0.0
190,33.355000000000004,1.0
179,22.697499999999998,1.0
186,30.112499999999997,1.0
300,31.09906976744185,1.0
191,27.880000000000003,1.0
194,22.895,1.0
170,27.5775,1.0
253,30.518409090909095,1.0
284,34.18243902439024,2.0
195,19.03,0.0
171,34.2375,2.0
273,34.041458333333345,2.0
50,17.3425,
172,36.0,2.0
168,18.515,0.0
309,28.08301886792454,1.0
207,23.7175,1.0
79,24.155,
190,13.6025,0.0
187,24.016666666666666,1.0
341,29.61159574468086,1.0
268,29.83086956521739,1.0
265,26.271176470588237,1.0
28,25.380000000000003,
202,40.5275,2.0
208,38.1175,2.0
215,19.975,0.0
172,23.935,1.0
205,25.138333333333332,1.0
268,27.620810810810816,1.0
249,28.932558139534887,1.0
180,25.509999999999998,1.0
174,21.4675,1.0
246,27.579326923076923,1.0
208,32.435,1.0
269,32.91642857142856,1.0
363,25.678625000000004,1.0
262,27.430394736842107,1.0
203,27.6825,1.0
171,38.9975,2.0
176,24.9725,1.0
321,31.696938775510198,1.0
77,25.4675,
265,32.341081081081086,1.0
290,30.303499999999993,1.0
168,47.585,11.0
265,29.692179487179484,1.0
313,29.41671428571429,1.0
324,30.320326086956523,1.0
427,27.71697368421053,1.0
202,17.145,0.0
73,31.667499999999997,
186,38.6475,2.0
263,35.29510638297872,2.0
150,45.644999999999996,11.0
360,29.50595744680851,1.0
185,29.5625,1.0
268,32.28274509803921,1.0
274,31.320531914893625,1.0
269,28.82358490566038,1.0
176,34.86833333333333,2.0
171,26.68,1.0
363,29.75945652173914,1.0
262,31.941666666666663,1.0
197,40.4775,2.0
240,30.937547169811303,1.0
269,29.102894736842106,1.0
155,23.229999999999997,1.0
289,29.55369999999999,1.0
207,36.765,2.0
184,37.79166666666667,2.0
277,27.84010416666666,1.0
282,29.291666666666668,1.0
208,29.62,1.0
268,28.25967391304348,1.0
247,28.851250000000004,1.0
243,27.202375,1.0
203,21.0275,1.0
179,30.663333333333338,1.0
186,30.765,1.0
188,36.945,2.0
285,32.505625,1.0
174,12.6175,0.0
207,15.754999999999999,0.0
254,29.326525423728807,1.0
183,23.465,1.0
176,11.85,0.0
231,27.4925,1.0
224,18.13,0.0
12,20.5975,
391,28.054021739130434,1.0
168,28.941250000000004,1.0
177,29.669999999999998,1.0
173,38.8875,2.0
205,35.6575,2.0
51,47.6925,
260,28.767000000000007,1.0
100,37.41,
179,26.784999999999997,1.0
176,36.982,2.0
318,29.924634146341454,1.0
150,21.75833333333333,1.0
319,28.67810810810812,1.0
325,28.381000000000007,1.0
337,30.188431372549026,1.0
275,30.000312500000007,1.0
0,25.71,
338,29.988552631578955,1.0
287,28.85055555555555,1.0
169,35.36,2.0
248,29.60029411764706,1.0
216,24.54,1.0
168,26.605,1.0
317,30.96010638297872,1.0
256,30.477065217391303,1.0
260,29.23780487804878,1.0
310,31.038229166666657,1.0
170,25.9525,1.0
179,26.082500000000003,1.0
261,31.973260869565216,1.0
77,31.3125,
363,26.783152173913045,1.0
302,31.77375,1.0
210,28.545,1.0
262,27.594069767441855,1.0
317,30.33109756097561,1.0
57,29.035,
241,27.213611111111113,1.0
148,24.8275,1.0
172,35.961666666666666,2.0
169,17.031,0.0
192,34.54,2.0
197,26.7575,1.0
246,32.62616279069767,1.0
182,39.62833333333334,2.0
243,28.80109589041096,1.0
255,30.669222222222228,1.0
195,24.7,1.0
241,29.178181818181816,1.0
172,34.5625,2.0
178,32.0525,1.0
72,30.572499999999998,
410,31.500897435897425,1.0
209,34.875,2.0
169,21.682499999999997,1.0
262,27.147555555555552,1.0
262,28.796764705882353,1.0
268,29.732959183673465,1.0
287,29.214130434782597,1.0
199,28.8375,1.0
80,18.2775,
216,23.4775,1.0
169,40.06,2.0
91,23.52,
53,38.8625,
207,18.834999999999997,0.0
349,32.375975609756104,1.0
251,30.75882978723404,1.0
262,30.383928571428562,1.0
148,22.9975,1.0
74,30.285,
222,20.880000000000003,1.0
185,28.5975,1.0
535,26.002236842105265,1.0
283,26.4453488372093,1.0
172,33.415,1.0
185,29.9925,1.0
186,28.455,1.0
275,31.355540540540545,1.0
266,29.278409090909097,1.0
150,33.1,1.0
322,31.002692307692307,1.0
244,27.85308823529412,1.0
185,30.8375,1.0
171,40.95125,2.0
147,23.8425,1.0
190,24.947499999999998,1.0
200,38.61833333333333,2.0
173,35.895,2.0
195,28.375,1.0
201,21.785,1.0
241,27.47365853658537,1.0
245,32.17629629629629,1.0
196,36.0875,2.0
53,18.9725,
169,30.031666666666666,1.0
174,29.9725,1.0
14,27.145,
286,27.706097560975618,1.0
333,27.830487804878043,1.0
339,34.19444444444444,2.0
191,23.903333333333332,1.0
244,34.6979761904762,2.0
240,30.738962264150953,1.0
50,25.615000000000002,
292,31.439183673469387,1.0
259,29.060731707317068,1.0
178,36.2475,2.0
193,27.1025,1.0
271,36.35785714285714,2.0
185,23.3125,1.0
184,17.7625,0.0
242,29.227954545454534,1.0
257,29.83442857142857,1.0
259,29.844534883720936,1.0
188,36.55,2.0
144,20.045,0.0
300,32.16472727272727,1.0
267,31.893023255813954,1.0
245,27.826428571428565,1.0
74,34.435,
248,32.075609756097556,1.0
355,26.412073170731706,1.0
182,24.427500000000002,1.0
77,27.155,
173,44.07,11.0
52,45.38249999999999,
272,29.23673076923078,1.0
252,27.048255813953478,1.0
172,37.2575,2.0
261,32.27141304347826,1.0
61,17.8975,
4,42.55500000000001,
212,29.85,1.0
174,37.582499999999996,2.0
260,27.86744186046512,1.0
186,37.675,2.0
298,31.70083333333334,1.0
271,27.95955555555556,1.0
344,30.565340909090914,1.0
79,19.200000000000003,
172,31.8,1.0
325,32.1263888888889,1.0
78,23.93166666666667,
180,33.6525,2.0
259,32.1935,1.0
302,30.202346938775506,1.0
179,38.915,2.0
173,29.96,1.0
188,25.905,1.0
190,29.8525,1.0
219,49.055,11.0
292,31.29012195121951,1.0
268,30.64011363636363,1.0
259,27.886052631578963,1.0
289,28.916071428571428,1.0
300,29.736574074074063,1.0
194,40.4,2.0
286,26.92545454545453,1.0
24,27.0625,
180,34.835,2.0
194,28.325000000000003,1.0
294,30.802888888888887,1.0
193,20.3325,0.0
190,27.442500000000003,1.0
196,29.689999999999998,1.0
353,28.5529,1.0
208,23.026666666666667,1.0
146,34.754999999999995,2.0
298,27.018604651162786,1.0
336,28.952840909090902,1.0
173,27.744,1.0
267,30.29337209302326,1.0
249,30.222073170731708,1.0
179,27.346666666666664,1.0
360,25.799883720930236,1.0
260,30.273557692307683,1.0
278,28.032874999999997,1.0
213,41.8825,11.0
25,26.2275,
176,35.822500000000005,2.0
252,28.176899999999996,1.0
173,24.633333333333336,1.0
284,29.349666666666675,1.0
247,29.38743902439024,1.0
219,23.6175,1.0
25,18.33,
313,27.412500000000005,1.0
359,26.913589743589746,1.0
192,15.34,0.0
52,31.447499999999998,
173,34.3125,2.0
265,32.0796511627907,1.0
304,29.65365853658537,1.0
244,29.840853658536584,1.0
323,26.109222222222233,1.0
253,30.102894736842103,1.0
241,27.311304347826084,1.0
186,27.7925,1.0
241,31.72855555555555,1.0
53,26.82,
256,28.224142857142855,1.0
365,27.995978260869556,1.0
345,29.14726190476191,1.0
211,34.13833333333333,2.0
268,27.575100000000006,1.0
321,30.051956521739132,1.0
196,19.95,0.0
173,29.598333333333333,1.0
61,26.085,
242,29.159999999999993,1.0
182,30.0075,1.0
203,38.5275,2.0
202,21.91,1.0
241,28.566222222222223,1.0
172,25.259999999999998,1.0
326,31.87190476190476,1.0
243,29.827558139534883,1.0
266,29.450416666666666,1.0
290,32.39,1.0
171,41.1575,2.0
180,37.1175,2.0
177,20.2325,0.0
168,21.265,1.0
168,18.33,0.0
168,30.19666666666667,1.0
284,27.626511627906982,1.0
146,36.515,2.0
288,27.90911764705882,1.0
277,27.94978723404256,1.0
183,23.811666666666667,1.0
173,42.474999999999994,11.0
324,28.24952380952381,1.0
213,28.42,1.0
243,29.663207547169808,1.0
194,32.25,1.0
196,16.69333333333333,0.0
215,22.377499999999998,1.0
191,32.46,1.0
168,25.176666666666666,1.0
188,38.85,2.0
172,38.167500000000004,2.0
168,27.48,1.0
196,31.365000000000002,1.0
262,26.33333333333334,1.0
342,33.89486111111111,2.0
169,35.0175,2.0
281,32.42380952380953,1.0
268,24.099886363636358,1.0
83,28.7725,
193,31.630000000000003,1.0
58,24.28,
253,29.632040816326523,1.0
209,27.22,1.0
186,30.916249999999998,1.0
266,30.701785714285716,1.0
323,29.644999999999996,1.0
168,28.24,1.0
190,28.082500000000003,1.0
291,31.631750000000004,1.0
353,29.23,1.0
197,50.129999999999995,11.0
291,31.84536585365854,1.0
241,31.321666666666665,1.0
248,28.235813953488375,1.0
153,34.8825,2.0
319,27.79472972972974,1.0
171,36.7975,2.0
170,26.92833333333333,1.0
189,41.39666666666667,2.0
222,29.990000000000002,1.0
3,35.559999999999995,2.0
317,28.342888888888886,1.0
261,27.287727272727263,1.0
186,23.268333333333334,1.0
344,30.566538461538467,1.0
180,32.31333333333333,1.0
325,27.11954545454545,1.0
177,30.994999999999997,1.0
286,29.179074074074077,1.0
261,32.1084375,1.0
170,30.4225,1.0
49,23.177500000000002,
171,46.475,11.0
182,31.05666666666667,1.0
193,31.817500000000003,1.0
193,18.06833333333333,0.0
181,21.42833333333333,1.0
193,24.7475,1.0
208,32.925,1.0
355,31.56028571428572,1.0
357,28.575100000000006,1.0
185,35.0925,2.0
80,37.754999999999995,
76,21.0175,
197,34.7825,2.0
224,32.74,1.0
253,25.947972972972966,1.0
266,29.066714285714287,1.0
151,31.125,1.0
268,31.56779069767441,1.0
426,29.373243243243248,1.0
2,44.16,
172,29.97375,1.0
243,30.140568181818175,1.0
179,23.0325,1.0
168,19.23,0.0
274,29.171515151515155,1.0
255,32.58617647058824,1.0
324,26.334891304347824,1.0
302,30.730121951219516,1.0
260,31.770816326530603,1.0
284,28.50940476190476,1.0
272,30.81,1.0
252,32.37887500000001,1.0
173,21.38,1.0
177,16.425,0.0
81,41.272499999999994,
199,20.1875,0.0
176,25.9925,1.0
169,27.060000000000002,1.0
211,27.325,1.0
339,28.108625,1.0
173,41.806666666666665,11.0
332,29.701399999999992,1.0
179,27.822499999999998,1.0
284,30.325555555555557,1.0
52,33.0675,
248,30.682916666666667,1.0
190,31.2075,1.0
195,30.69333333333333,1.0
56,16.77,
255,30.068365384615383,1.0
248,25.311444444444437,1.0
316,29.78513888888889,1.0
240,30.685624999999995,1.0
158,27.2125,1.0
285,30.060000000000013,1.0
255,33.04977777777777,1.0
252,29.246874999999992,1.0
298,29.979736842105265,1.0
295,25.236842105263154,1.0
242,28.659130434782607,1.0
317,33.80478260869565,2.0
169,46.083,11.0
180,28.490000000000002,1.0
182,26.965,1.0
241,30.46262500000001,1.0
189,22.6,1.0
145,22.8825,1.0
182,17.2225,0.0
290,29.0575,1.0
266,28.05115384615385,1.0
188,23.80333333333333,1.0
152,7.535,0.0
194,34.8275,2.0
296,28.624090909090906,1.0
269,29.718522727272713,1.0
3,33.705,
314,28.936111111111106,1.0
285,30.869404761904757,1.0
275,30.03375,1.0
303,32.00657407407407,1.0
284,31.39627659574468,1.0
291,30.100869565217405,1.0
172,18.496666666666666,0.0
245,31.869749999999993,1.0
217,32.504999999999995,1.0
275,31.014999999999993,1.0
320,28.76511627906977,1.0
187,31.405,1.0
177,24.933333333333334,1.0
54,21.3875,
227,31.25666666666667,1.0
176,26.415,1.0
25,39.427499999999995,
86,19.5375,
299,31.373771929824564,1.0
171,38.74625,2.0
432,32.81814285714285,1.0
262,28.77536585365853,1.0
243,33.21776315789474,1.0
254,29.539999999999996,1.0
52,26.067500000000003,
168,29.197499999999998,1.0
264,32.947361111111114,1.0
174,32.817499999999995,1.0
288,32.276666666666664,1.0
173,29.659999999999997,1.0
219,19.9625,0.0
60,20.4775,
257,28.469444444444438,1.0
177,23.53833333333333,1.0
51,45.225,
303,28.16529411764706,1.0
168,30.655,1.0
223,36.435,2.0
177,26.865,1.0
198,38.5975,2.0
187,15.518333333333333,0.0
216,28.83,1.0
202,33.3125,1.0
151,30.1075,1.0
51,25.73,
259,31.90314814814815,1.0
316,30.695930232558137,1.0
221,17.4675,0.0
216,38.0775,2.0
48,23.1025,
172,18.241666666666664,0.0
193,25.65125,1.0
150,19.9075,0.0
263,28.603977272727267,1.0
255,30.206704545454556,1.0
173,25.141666666666666,1.0
185,32.3975,1.0
328,29.405666666666672,1.0
155,30.200000000000003,1.0
327,30.68364864864865,1.0
322,29.099891304347832,1.0
400,27.980595238095248,1.0
255,27.690000000000005,1.0
290,26.852826086956522,1.0
256,29.443555555555562,1.0
215,20.27,0.0
175,32.53666666666667,1.0
169,25.525,1.0
197,36.832499999999996,2.0
332,29.450675675675676,1.0
81,45.6525,
220,19.1375,0.0
267,26.89255555555556,1.0
276,26.908170731707315,1.0
248,30.72662790697675,1.0
52,25.5175,
252,28.94988095238095,1.0
292,27.468,1.0
186,25.945,1.0
294,24.887244897959178,1.0
477,31.418552631578958,1.0
150,32.6975,1.0
281,27.90448717948718,1.0
189,19.8425,0.0
197,24.755,1.0
212,35.9125,2.0
185,30.180000000000007,1.0
220,17.365,0.0
269,30.79345238095238,1.0
287,28.875975609756104,1.0
276,29.867567567567566,1.0
265,30.9640243902439,1.0
60,25.725,
198,31.064999999999998,1.0
339,32.118750000000006,1.0
293,27.387307692307694,1.0
220,26.675,1.0
144,38.417500000000004,2.0
252,31.815399999999986,1.0
212,26.465,2.0
200,20.513333333333332,0.0
244,32.3942372881356,1.0
284,25.77921875,1.0
195,25.265,1.0
202,24.898333333333337,1.0
300,31.21450980392157,1.0
155,34.769999999999996,1.0
191,24.425,1.0
194,32.0925,1.0
285,25.546093750000004,1.0
262,28.36208333333333,1.0
181,21.498333333333335,1.0
246,27.353048780487804,1.0
192,19.997500000000002,0.0
218,42.5175,11.0
178,27.067500000000003,1.0
284,27.29740384615384,1.0
170,31.615,1.0
325,29.54666666666667,1.0
168,36.23125,2.0
183,28.084999999999997,1.0
340,28.281976744186046,1.0
245,29.790468749999995,1.0
265,31.97622222222222,1.0
247,31.30077777777777,1.0
252,27.139431818181823,1.0
242,32.92,1.0
255,29.01476190476191,1.0
169,31.622500000000002,1.0
188,31.195000000000004,1.0
170,21.880000000000003,1.0
152,33.335,1.0
171,23.047500000000003,1.0
4,30.88,
214,45.935,11.0
362,30.38088888888889,1.0
267,28.849749999999993,1.0
178,35.6625,2.0
255,33.44738095238095,1.0
194,9.675,0.0
191,30.974999999999998,1.0
210,20.451666666666668,0.0
294,24.200138888888894,1.0
194,26.456666666666667,1.0
197,30.71666666666667,1.0
241,29.11744186046511,1.0
3,28.1825,
260,30.167129629629624,1.0
146,45.3,11.0
217,37.3125,2.0
26,35.5525,
245,29.82530612244899,1.0
278,31.278953488372085,1.0
254,28.155425531914887,1.0
444,29.8017924528302,1.0
147,15.8275,0.0
156,19.8225,0.0
169,37.293749999999996,2.0
244,29.859625,1.0
247,29.092105263157894,1.0
258,29.573899999999995,1.0
190,41.39666666666667,2.0
81,35.2225,
181,21.854999999999997,1.0
185,19.008333333333333,0.0
171,24.224999999999998,1.0
187,39.86,2.0
310,30.620526315789473,1.0
148,26.725,1.0
309,28.861666666666675,1.0
101,30.2025,
290,28.149651162790697,1.0
194,26.585,1.0
258,32.639210526315786,1.0
185,35.1325,2.0
173,30.87,1.0
197,31.955000000000002,1.0
180,22.97,1.0
264,28.073289473684213,1.0
267,30.830263157894734,1.0
195,24.6925,1.0
246,29.755609756097556,1.0
362,29.62878048780488,1.0
265,27.87329545454546,1.0
224,31.54,1.0
243,27.66707317073171,1.0
183,27.8125,1.0
319,33.31951612903225,1.0
86,35.961666666666666,
251,29.696707317073166,1.0
248,30.02329545454546,1.0
243,29.322714285714294,1.0
172,26.94,1.0
211,45.510000000000005,11.0
51,29.9625,
172,25.18,1.0
212,32.2875,1.0
192,31.310000000000002,1.0
181,22.451666666666664,1.0
240,31.349999999999994,1.0
5,28.0,
243,29.779782608695655,1.0
257,28.8407,1.0
7,24.86,
173,39.9975,2.0
194,24.6425,1.0
176,23.716666666666665,1.0
194,13.885,0.0
152,30.1575,1.0
308,31.268,1.0
170,30.265,1.0
197,36.6275,2.0
294,31.3125,1.0
342,31.02290322580645,1.0
362,25.994142857142855,1.0
53,28.585,1.0
173,23.01,1.0
275,30.026333333333326,1.0
371,26.708448275862064,1.0
252,24.799767441860467,1.0
343,27.2053125,1.0
290,25.565384615384612,1.0
325,26.248673469387754,1.0
241,29.403928571428565,1.0
193,30.515,1.0
50,42.0325,
175,35.821666666666665,2.0
168,40.37833333333334,1.0
208,20.299999999999997,0.0
195,28.4775,1.0
173,30.60166666666667,1.0
302,27.316770833333326,1.0
60,29.252499999999998,
171,26.62,1.0
243,30.629599999999996,1.0
244,28.131999999999998,1.0
317,29.924433962264153,1.0
166,28.905681818181804,1.0
171,39.653749999999995,2.0
300,33.69842105263157,2.0
172,32.4275,1.0
162,34.70333333333333,2.0
283,24.383749999999996,1.0
253,26.450116279069768,1.0
345,29.42134146341463,1.0
356,28.99098039215686,1.0
316,27.63035714285714,1.0
172,27.24,1.0
168,30.90833333333333,1.0
168,29.473000000000003,1.0
267,31.24445945945946,1.0
251,31.87589743589744,1.0
172,40.7875,2.0
276,28.0247619047619,1.0
254,30.519615384615385,1.0
257,28.794807692307693,1.0
169,22.755,1.0
147,13.985,0.0
209,12.105,0.0
194,21.13333333333333,1.0
195,35.72,2.0
266,28.696447368421044,1.0
210,25.721666666666664,1.0
262,28.44,1.0
53,18.975,
256,30.71469387755102,1.0
256,29.410086206896544,1.0
247,26.412755102040816,1.0
51,25.6575,
212,18.5,0.0
194,35.525,2.0
495,28.416363636363634,1.0
338,29.078571428571422,1.0
63,16.9625,
83,37.595,
283,27.880113636363635,1.0
254,30.6804347826087,1.0
352,33.36738095238096,1.0
177,35.541666666666664,2.0
194,29.22,1.0
177,33.53333333333334,1.0
146,41.865,11.0
181,23.1675,1.0
244,30.03527027027027,1.0
332,31.46604166666667,1.0
170,43.82875,11.0
169,26.075,1.0
266,27.716874999999998,1.0
319,28.85343750000001,1.0
339,29.754743589743587,1.0
274,31.00790909090909,1.0
253,33.345921052631574,1.0
334,29.212023809523803,1.0
265,30.590833333333336,1.0
256,29.835555555555555,1.0
266,32.25681818181818,1.0
204,16.2,0.0
249,31.148875000000004,1.0
211,28.5125,1.0
286,28.979999999999993,1.0
243,29.009027777777778,1.0
216,45.6675,11.0
188,40.33,2.0
279,29.051521739130433,1.0
197,30.015,1.0
175,18.325,0.0
206,25.5575,1.0
263,31.7009375,1.0
186,24.1025,1.0
204,27.8625,1.0
249,32.833452380952394,1.0
174,24.39,1.0
275,32.87033333333334,1.0
211,34.1075,2.0
267,29.060188679245293,1.0
169,21.23,1.0
182,25.6625,1.0
244,28.23288888888889,1.0
301,25.112820512820512,1.0
35,27.115000000000002,
358,29.390731707317077,1.0
264,27.180116279069765,1.0
196,21.1425,1.0
149,27.479999999999997,1.0
180,28.065,1.0
343,28.807261904761905,1.0
298,32.1834693877551,1.0
257,29.879404761904766,1.0
63,29.0,
317,27.928552631578942,1.0
359,29.591511627906975,1.0
193,46.980000000000004,11.0
326,30.39963414634147,1.0
284,31.625357142857144,1.0
183,17.7725,0.0
181,39.96125,2.0
260,27.94034090909091,1.0
173,27.653333333333336,1.0
240,30.71488372093024,1.0
172,44.59,11.0
147,17.87,0.0
256,26.408039215686273,1.0
315,31.87027027027027,1.0
287,34.486428571428576,2.0
266,34.132763157894736,2.0
158,33.2625,1.0
146,22.465,1.0
269,33.04329545454546,1.0
188,36.3375,2.0
151,27.3075,1.0
315,31.288111111111125,1.0
185,28.605,1.0
184,45.625,11.0
8,25.775000000000002,
284,27.850510204081626,1.0
78,47.19333333333333,
50,31.7225,
174,39.31,2.0
362,30.641944444444448,1.0
170,18.9225,0.0
298,25.16727272727272,1.0
149,39.03,2.0
250,31.93614583333334,1.0
241,29.868,1.0
201,20.981666666666666,1.0
341,26.052051282051284,1.0
241,29.430400000000006,1.0
294,31.602613636363643,1.0
271,29.71010638297873,1.0
194,28.4925,1.0
151,25.619999999999997,1.0
180,26.684000000000005,1.0
169,38.48875,2.0
28,34.55,
248,26.320909090909087,1.0
295,29.24325581395349,1.0
243,25.933265306122443,1.0
299,32.16295081967213,1.0
169,30.481666666666666,1.0
220,29.167499999999997,1.0
245,29.63163043478261,1.0
305,27.24777777777778,1.0
52,28.36,
172,26.911666666666665,1.0
290,30.227307692307694,1.0
259,27.94459459459459,1.0
169,31.331666666666667,1.0
200,21.155,1.0
158,30.439999999999998,1.0
270,31.579324324324322,1.0
144,22.785,1.0
222,18.9675,0.0
172,36.41166666666667,2.0
246,30.940952380952385,1.0
179,8.0625,0.0
212,39.22,2.0
252,30.900270270270276,1.0
253,29.46272727272727,1.0
182,30.4825,1.0
171,31.590000000000003,1.0
264,28.54461538461539,1.0
248,24.054204545454546,1.0
260,30.691100000000006,1.0
195,40.395,2.0
299,30.236734693877544,1.0
180,27.009999999999998,1.0
25,32.6425,
263,31.63618421052631,1.0
192,29.08,1.0
152,25.445,1.0
185,15.155,0.0
172,41.18333333333334,2.0
251,31.984500000000004,1.0
178,19.326666666666668,0.0
244,27.088749999999997,1.0
350,30.867236842105275,1.0
300,28.45662162162163,1.0
75,32.50397435897436,1.0
168,13.74,0.0
188,26.0,1.0
196,38.165,2.0
256,29.061326530612252,1.0
332,29.70675675675676,1.0
245,29.078378378378375,1.0
150,56.004999999999995,11.0
196,37.355,2.0
300,30.52352272727272,1.0
243,27.398214285714282,1.0
294,30.329418604651185,1.0
183,26.4875,1.0
292,28.778269230769236,1.0
305,31.308026315789473,1.0
178,32.455,1.0
181,33.042500000000004,1.0
256,34.19795918367347,2.0
515,30.39095238095239,1.0
366,32.5496052631579,1.0
244,28.95588235294117,1.0
240,30.539245283018875,1.0
178,38.035,2.0
173,32.403333333333336,1.0
273,30.332195121951212,1.0
187,25.3125,1.0
179,25.125,1.0
222,12.8525,0.0
172,27.12375,1.0
198,40.995000000000005,2.0
269,29.505131578947367,1.0
168,29.938333333333333,1.0
244,31.902358490566026,1.0
256,26.204545454545453,1.0
191,27.82,1.0
370,31.196874999999995,1.0
287,30.587790697674414,1.0
54,22.15,
299,28.050238095238093,1.0
175,14.07,0.0
259,32.089999999999996,1.0
246,30.2756862745098,1.0
252,33.010333333333335,1.0
188,44.155,11.0
249,27.094893617021267,1.0
168,35.655,2.0
194,38.0275,2.0
348,29.393375,1.0
299,29.13656862745098,1.0
378,32.94499999999999,1.0
176,31.8375,1.0
312,26.991630434782614,1.0
169,33.2525,1.0
149,29.965,1.0
221,20.98,1.0
169,21.371666666666666,1.0
317,32.28960784313726,1.0
53,17.4875,
176,32.405,1.0
151,29.668333333333333,1.0
4,28.1,
310,31.905921052631577,1.0
173,19.1675,0.0
219,36.504999999999995,2.0
171,33.788333333333334,2.0
194,12.072500000000002,0.0
261,27.54846153846154,1.0
254,31.257111111111108,1.0
0,37.7625,
0,30.8975,
197,50.288333333333334,11.0
272,28.68488888888889,1.0
316,28.416578947368418,1.0
259,29.13265957446809,1.0
190,24.3575,1.0
76,42.9975,
321,28.67095744680851,1.0
181,27.3625,1.0
323,29.128902439024387,1.0
244,28.084042553191484,1.0
209,22.55,1.0
213,39.8725,2.0
292,27.571568627450983,1.0
172,35.900000000000006,2.0
243,26.858205128205125,1.0
271,29.5524358974359,1.0
243,26.343114754098355,1.0
173,15.8525,0.0
10,25.015,
211,31.771666666666672,1.0
434,32.554583333333326,1.0
331,26.93602040816327,1.0
177,32.98166666666666,1.0
359,29.387564102564102,1.0
314,27.719871794871803,1.0
194,29.9725,1.0
52,36.105000000000004,
295,30.269148936170197,1.0
158,14.96,0.0
258,30.606000000000005,1.0
156,19.825,0.0
193,20.58,0.0
168,33.485,1.0
437,29.622446808510634,1.0
184,25.398750000000003,1.0
367,31.743918918918915,1.0
177,23.180000000000003,1.0
176,24.447,1.0
241,25.210340909090913,1.0
250,29.482619047619046,1.0
181,44.682500000000005,11.0
170,14.881666666666666,0.0
221,22.65,1.0
240,30.0953,1.0
2,31.71,
173,46.355,11.0
276,29.110333333333337,1.0
280,28.98583333333333,1.0
455,30.57845238095238,1.0
53,25.07,
171,25.85,1.0
172,23.105,1.0
0,32.901666666666664,
211,42.56,11.0
94,39.475,
297,27.24326530612246,1.0
262,29.184727272727276,1.0
183,26.6525,1.0
279,32.6078409090909,1.0
169,42.9625,11.0
245,29.67744186046512,1.0
240,29.544418604651163,1.0
239,29.254358974358976,1.0
282,30.48671428571428,1.0
267,30.970789473684206,1.0
257,27.954583333333318,1.0
203,30.998333333333335,1.0
284,31.351100000000002,1.0
168,26.06625,1.0
172,22.5925,1.0
216,30.34,1.0
243,29.309512195121947,1.0
186,24.89,1.0
282,31.21574468085106,1.0
377,29.800454545454546,1.0
147,27.5375,1.0
293,30.495699999999996,1.0
175,36.345,2.0
149,30.895000000000003,1.0
265,29.73219512195123,1.0
25,24.002499999999998,
296,26.302125,1.0
336,28.921999999999993,1.0
229,27.015,1.0
248,29.853522727272722,1.0
175,33.791666666666664,2.0
324,32.88133333333334,1.0
180,25.490000000000002,1.0
206,37.905,2.0
170,33.7,2.0
257,31.135454545454557,1.0
243,31.57264705882353,1.0
178,18.502499999999998,0.0
145,42.0225,11.0
169,30.31,1.0
147,33.1425,1.0
171,26.1625,1.0
146,26.4325,1.0
196,17.822499999999998,0.0
288,29.9745652173913,1.0
240,30.86877777777777,1.0
292,28.93674418604651,1.0
169,16.27,0.0
241,30.466749999999998,1.0
351,29.425000000000004,1.0
203,23.1175,1.0
197,32.1525,1.0
63,34.745,
305,30.160487804878052,1.0
212,31.1675,1.0
173,25.540000000000003,1.0
206,21.1475,1.0
480,30.046808510638304,1.0
215,34.2475,2.0
173,46.9675,11.0
180,15.1275,0.0
192,36.903333333333336,2.0
316,32.53972972972972,1.0
329,28.512272727272727,1.0
241,28.052040816326535,1.0
190,30.052500000000002,1.0
187,40.3575,2.0
271,28.875,1.0
151,47.2675,11.0
184,27.022499999999997,1.0
319,30.955476190476208,1.0
256,30.52968085106384,1.0
371,33.958793103448286,2.0
172,23.3975,1.0
182,19.3525,0.0
332,28.71805555555556,1.0
214,36.35166666666667,2.0
183,19.818333333333335,0.0
174,39.3275,2.0
173,13.059999999999999,0.0
144,41.8625,11.0
89,18.025,
192,40.7325,2.0
205,46.495,11.0
279,32.87543859649123,1.0
51,28.380000000000003,
274,29.65973684210526,1.0
63,11.4575,
173,37.775,2.0
168,29.8125,1.0
58,14.815,
168,25.630000000000003,1.0
241,27.93611111111111,1.0
279,29.711250000000007,1.0
196,49.201666666666675,11.0
171,25.2675,1.0
184,16.689999999999998,0.0
213,30.8075,1.0
190,37.9325,2.0
279,32.66486842105263,1.0
171,46.2275,11.0
195,27.32,1.0
259,27.157575757575763,1.0
144,28.2375,1.0
252,26.565714285714282,1.0
174,25.497500000000002,1.0
365,32.27983870967741,1.0
242,31.13385416666667,1.0
299,27.374249999999996,1.0
178,28.856666666666666,1.0
184,12.475,0.0
325,30.981166666666663,1.0
178,36.364999999999995,2.0
294,27.52905405405405,1.0
177,31.903750000000002,1.0
208,29.385,1.0
330,29.43488636363637,1.0
182,18.463333333333335,0.0
4,26.957499999999996,
171,35.06,2.0
254,30.103829787234044,1.0
158,22.697499999999998,1.0
271,27.362222222222226,1.0
261,31.3557,1.0
212,20.22,0.0
156,25.11,1.0
264,27.87618421052631,1.0
185,38.985,2.0
275,28.52116666666667,1.0
182,13.77,0.0
205,36.537499999999994,2.0
168,26.958333333333332,1.0
157,48.1175,11.0
282,29.6,1.0
190,27.965,1.0
168,22.008750000000003,1.0
259,29.8689423076923,1.0
254,27.819722222222225,1.0
148,32.81,1.0
188,29.955,1.0
216,47.21,11.0
304,31.86337500000001,1.0
182,37.72,2.0
173,31.525000000000002,1.0
181,32.04833333333334,1.0
242,30.909545454545455,1.0
193,34.85,2.0
169,43.225,11.0
247,26.974428571428575,1.0
266,28.254024390243902,1.0
522,29.784886363636375,1.0
183,32.18000000000001,1.0
183,25.11,1.0
177,38.415,2.0
222,34.67,2.0
321,26.234750000000002,1.0
176,22.017500000000002,1.0
53,31.055,
186,8.785,0.0
50,32.3425,
266,30.626309523809535,1.0
182,15.424999999999999,0.0
264,29.95990000000001,1.0
170,28.596666666666664,1.0
200,20.245,0.0
192,13.635000000000002,0.0
72,34.70666666666667,
266,30.336363636363636,1.0
195,42.120000000000005,11.0
169,23.912499999999998,1.0
172,36.885,2.0
190,37.8825,2.0
149,28.73,1.0
188,14.785,0.0
37,25.82,
193,25.814999999999998,1.0
171,17.422500000000003,0.0
171,40.30166666666667,2.0
193,16.3375,0.0
186,34.89,2.0
187,27.869999999999997,1.0
169,22.622500000000002,1.0
216,19.665,0.0
26,28.2275,
240,27.241176470588233,1.0
246,27.778333333333332,1.0
179,24.893333333333334,1.0
297,26.913181818181826,1.0
185,23.169999999999998,1.0
171,34.196666666666665,2.0
186,17.71,0.0
244,30.170980392156867,1.0
187,17.17166666666667,0.0
171,35.2025,2.0
172,28.296666666666667,1.0
48,15.815000000000001,
288,28.108999999999998,1.0
261,27.833703703703705,1.0
241,31.037857142857135,1.0
212,22.1075,1.0
170,38.29,2.0
303,29.18320512820512,1.0
343,28.22784090909091,1.0
173,28.78833333333333,1.0
307,26.12792452830189,1.0
400,31.464512195121948,1.0
287,28.354594594594598,1.0
150,33.3125,1.0
283,33.14369565217392,1.0
318,30.509078947368423,1.0
172,31.542499999999997,1.0
172,11.6875,0.0
176,34.9875,2.0
213,16.645,0.0
244,29.689761904761912,1.0
227,15.7425,0.0
150,12.36,0.0
267,30.473717948717947,1.0
355,31.212444444444447,1.0
168,19.525,0.0
194,19.965,0.0
155,30.2775,1.0
54,32.305,
211,28.625,1.0
282,34.41173913043479,2.0
373,28.947325581395358,1.0
178,31.934000000000005,1.0
196,32.36333333333334,1.0
170,29.677500000000002,1.0
430,26.98909090909091,1.0
60,29.665,
205,32.305,1.0
332,29.555500000000002,1.0
272,27.823292682926827,1.0
518,32.54338235294117,1.0
316,27.31791666666667,1.0
172,39.614999999999995,2.0
254,28.52655555555555,1.0
194,38.3,2.0
281,27.920434782608694,1.0
179,36.145,2.0
191,28.39333333333333,1.0
256,28.834736842105258,1.0
178,11.6075,0.0
240,30.77159574468086,1.0
250,30.044767441860465,1.0
211,20.395,0.0
240,28.16166666666666,1.0
353,29.592272727272736,1.0
207,35.66,2.0
249,28.599433962264147,1.0
52,26.8375,
192,37.715,2.0
183,32.24,1.0
154,22.645,1.0
173,28.6825,1.0
177,12.127500000000001,0.0
183,24.728333333333335,1.0
269,31.975243902439015,1.0
181,14.43,0.0
296,30.134361702127656,1.0
195,32.86,1.0
147,33.6025,1.0
153,20.197499999999998,0.0
257,29.186025641025637,1.0
170,27.585,1.0
242,32.00424528301886,1.0
448,28.484555555555563,1.0
251,32.8095,1.0
269,30.533874999999995,1.0
246,27.514999999999993,1.0
209,28.902500000000003,1.0
73,35.587500000000006,
323,32.216944444444444,1.0
244,32.44326086956521,1.0
220,42.6275,11.0
564,31.071999999999996,1.0
177,19.1625,0.0
220,20.5625,0.0
176,31.8875,1.0
93,21.494999999999997,
296,30.700465116279073,1.0
2,35.2775,
328,27.9625,1.0
153,26.13,1.0
198,43.432500000000005,11.0
308,32.034680851063825,1.0
181,16.04,0.0
172,27.361666666666668,1.0
247,29.72943181818181,1.0
191,30.73,1.0
154,23.5825,1.0
242,29.606125,1.0
195,35.3575,2.0
267,28.579857142857144,1.0
171,33.9875,2.0
263,28.737407407407414,1.0
53,21.12,
354,29.07405405405406,1.0
170,36.156666666666666,2.0
180,32.8625,1.0
191,21.65,1.0
240,29.933255813953487,1.0
183,34.69,2.0
212,34.9725,2.0
24,41.665,
9,17.6875,
206,25.7275,1.0
149,50.8825,11.0
185,22.253333333333334,1.0
183,17.6475,0.0
170,39.15833333333333,2.0
289,31.660480769230762,1.0
193,33.3925,1.0
243,32.67666666666667,1.0
333,26.121829268292686,1.0
172,25.2725,1.0
269,31.62557142857143,1.0
277,28.331931818181825,1.0
194,20.01,0.0
189,24.175,1.0
195,34.61,2.0
257,28.802999999999994,1.0
169,32.085,1.0
79,29.6525,
214,15.504999999999999,0.0
287,28.185000000000002,1.0
186,33.141666666666666,1.0
50,36.805,
7,18.3075,
181,40.2575,2.0
251,30.86195121951219,1.0
284,28.57756410256411,1.0
182,17.33,0.0
178,32.67,1.0
320,33.80777777777778,2.0
178,29.768333333333334,1.0
231,18.935000000000002,0.0
50,24.1,
425,31.37958333333334,1.0
240,31.16275510204082,1.0
315,31.846219512195116,1.0
348,31.149489795918363,1.0
172,23.08625,1.0
157,38.4475,2.0
256,32.823,1.0
169,29.0775,1.0
209,23.365000000000002,1.0
219,37.675,2.0
179,30.1625,1.0
60,12.875,
172,32.405,1.0
171,21.77,1.0
50,29.4575,
173,26.80666666666667,1.0
194,44.11,11.0
26,32.325,
252,25.72361111111112,1.0
145,29.3125,1.0
192,22.215,1.0
174,31.976666666666663,1.0
180,26.47,1.0
145,44.322500000000005,11.0
207,18.9675,0.0
333,29.03974999999999,1.0
277,29.672812500000003,1.0
359,27.47244186046512,1.0
223,22.4875,1.0
192,26.122500000000002,1.0
279,30.167386363636357,1.0
269,32.41297619047621,1.0
240,27.897685185185193,1.0
319,31.00637931034483,1.0
171,33.589999999999996,1.0
181,40.70666666666667,2.0
195,33.5725,1.0
157,24.6275,1.0
255,30.92142857142857,1.0
256,32.50321428571427,1.0
277,29.415,1.0
173,29.17,1.0
370,30.87488095238095,1.0
179,27.675,1.0
52,33.715,
170,26.959999999999997,1.0
193,20.0925,0.0
173,39.197500000000005,2.0
205,31.317500000000003,1.0
195,23.03,1.0
193,34.69,2.0
181,24.06,1.0
204,21.61,1.0
297,29.76855555555556,1.0
191,21.8,1.0
170,38.51666666666667,2.0
157,32.5225,1.0
196,29.58,1.0
24,28.375,
261,31.411808510638302,1.0
533,29.21436363636364,1.0
172,39.635,2.0
174,26.375,1.0
182,32.016666666666666,1.0
327,28.908749999999998,1.0
253,28.536627906976744,1.0
213,30.1075,1.0
251,26.71946808510639,1.0
267,29.25418604651162,1.0
182,39.92,2.0
447,27.613714285714288,1.0
197,22.112499999999997,1.0
253,30.854999999999997,1.0
249,29.203548387096774,1.0
3,29.729999999999997,
181,16.82,0.0
216,24.383333333333336,1.0
157,37.0375,2.0
4,26.27,
243,27.96928571428571,1.0
301,30.199166666666663,1.0
75,12.9225,
310,28.053444444444448,1.0
255,29.480952380952388,1.0
171,28.372500000000002,1.0
268,29.509456521739136,1.0
170,22.39833333333333,1.0
169,25.13,1.0
264,30.441222222222223,1.0
254,27.257142857142856,1.0
298,28.43355263157895,1.0
180,18.044999999999998,0.0
268,32.732934782608694,1.0
287,29.651836734693884,1.0
309,29.3030612244898,1.0
327,32.05398148148149,1.0
295,26.7459375,1.0
158,28.6,1.0
358,33.22727272727273,1.0
50,18.267500000000002,
241,28.780660377358497,1.0
91,34.4625,
144,28.2,1.0
289,31.640227272727273,1.0
265,34.195609756097554,2.0
313,30.837169811320752,1.0
144,25.557499999999997,1.0
240,29.6067,1.0
310,29.780666666666665,1.0
186,57.417500000000004,11.0
289,29.415789473684203,1.0
207,27.14,1.0
258,29.65872093023256,1.0
320,31.942653061224487,1.0
264,27.703958333333336,1.0
148,23.785,1.0
221,26.07,1.0
93,37.1075,
421,32.82628205128205,1.0
194,38.9525,2.0
295,29.387692307692298,1.0
284,30.566707317073167,1.0
254,31.72635135135135,1.0
170,20.46,0.0
78,32.165,
241,30.35904761904762,1.0
262,28.94159574468085,1.0
384,30.53,1.0
438,29.9614423076923,1.0
217,32.92,1.0
2,30.1825,
192,28.7175,1.0
316,29.671750000000003,1.0
169,32.949999999999996,1.0
28,24.347499999999997,
362,28.1672972972973,1.0
261,29.848200000000002,1.0
191,35.75125,2.0
244,28.854899999999997,1.0
184,37.0775,2.0
49,21.215,
194,35.6675,2.0
171,36.0175,2.0
213,36.980000000000004,2.0
243,29.975294117647053,1.0
179,22.4425,1.0
298,31.181836734693864,1.0
212,30.4525,1.0
175,27.9825,1.0
209,21.155,1.0
261,26.347954545454545,1.0
77,31.819999999999997,
194,25.03333333333333,1.0
199,38.515,2.0
207,36.712500000000006,2.0
191,23.810000000000002,1.0
272,33.22957446808511,1.0
372,30.537547169811315,1.0
176,27.38333333333333,1.0
247,27.028026315789468,1.0
208,33.525,1.0
170,21.8775,1.0
77,14.018333333333333,
326,28.601666666666656,1.0
269,26.829047619047618,1.0
213,25.662499999999998,1.0
199,20.327499999999997,0.0
253,32.51160377358491,1.0
192,33.53333333333333,1.0
170,30.425,1.0
274,32.177499999999995,1.0
243,31.41045454545454,1.0
186,23.86875,1.0
246,29.025250000000007,1.0
168,30.92,1.0
376,27.28351351351351,1.0
170,33.207499999999996,1.0
25,17.77,
172,49.894999999999996,11.0
171,36.8725,2.0
146,28.2575,1.0
304,32.49338235294118,1.0
168,33.0125,1.0
339,30.49020833333334,1.0
168,24.921666666666667,1.0
304,29.067352941176477,1.0
263,28.43311111111111,1.0
282,30.312058823529416,1.0
180,39.5375,2.0
245,29.356777777777783,1.0
8,32.322500000000005,
155,40.42,2.0
378,31.50074468085106,1.0
182,30.019999999999996,1.0
168,23.263333333333332,1.0
266,28.032272727272723,1.0
249,29.777857142857133,1.0
171,25.790000000000003,1.0
171,24.224999999999998,1.0
174,40.345,2.0
390,24.001176470588234,1.0
244,29.757358490566045,1.0
57,23.119999999999997,
263,27.30202127659574,1.0
296,26.081744186046503,1.0
190,41.1,2.0
176,24.438333333333333,1.0
246,28.71402439024391,1.0
242,30.441627906976745,1.0
187,25.737499999999997,1.0
198,29.165,1.0
438,30.486250000000002,1.0
308,28.442926829268288,1.0
76,36.88249999999999,
179,28.71,1.0
248,24.991794871794873,1.0
263,27.561862745098043,1.0
187,22.439999999999998,1.0
241,32.04152173913043,1.0
145,32.3025,1.0
248,30.009124999999994,1.0
181,15.461666666666668,0.0
170,42.67666666666667,11.0
49,33.555,
255,28.967702702702706,1.0
49,46.26,
182,35.677499999999995,2.0
181,21.551666666666666,1.0
260,28.297000000000004,1.0
151,29.902499999999996,1.0
176,35.32125,2.0
300,29.618152173913053,1.0
265,31.508421052631576,1.0
175,22.905,1.0
73,32.8675,
174,28.9625,1.0
182,41.36,2.0
197,16.9825,0.0
209,23.6725,1.0
438,29.078461538461543,1.0
201,28.6,1.0
186,22.247500000000002,1.0
400,28.680813953488375,1.0
252,29.646250000000002,1.0
326,33.320540540540534,1.0
211,27.3275,1.0
254,32.74592105263159,1.0
168,31.021666666666665,1.0
240,29.93536585365854,1.0
274,26.687894736842107,1.0
144,19.7525,0.0
203,35.178333333333335,2.0
177,50.45,11.0
243,29.31940476190476,1.0
78,21.3425,
49,37.2975,
364,28.63191489361702,1.0
147,21.82,1.0
195,27.6925,1.0
195,17.695,0.0
293,30.80073170731707,1.0
318,30.30216981132076,1.0
195,43.425,11.0
196,23.174999999999997,1.0
174,23.70625,1.0
72,37.015,
171,22.8975,1.0
309,29.77522222222222,1.0
258,31.139699999999994,1.0
61,21.747500000000002,
183,16.82,0.0
90,31.659999999999997,
172,20.7375,0.0
316,30.16341463414635,1.0
172,23.7225,1.0
310,29.736562500000005,1.0
191,27.275,1.0
339,31.112499999999994,1.0
244,31.379148936170218,1.0
182,19.86,0.0
308,27.05617021276597,1.0
301,27.580660377358488,1.0
257,31.947948717948723,1.0
388,27.520625,1.0
171,24.965000000000003,1.0
187,30.005,1.0
281,31.889021739130424,1.0
182,16.14,0.0
196,29.3025,1.0
265,31.543207547169814,1.0
244,28.756304347826084,1.0
168,25.284999999999997,1.0
246,32.39010869565218,1.0
218,35.7775,2.0
180,45.7125,11.0
184,47.97,11.0
189,39.8475,2.0
279,27.879456521739133,1.0
51,29.6,
310,28.882023809523805,1.0
196,30.456666666666667,1.0
185,35.36666666666667,2.0
258,27.778928571428576,1.0
341,26.99833333333332,1.0
194,15.3675,0.0
271,30.647083333333338,1.0
210,25.6,1.0
184,50.96666666666667,11.0
287,25.35625000000001,1.0
149,23.627499999999998,1.0
177,33.76499999999999,2.0
168,28.211666666666662,1.0
170,24.1575,1.0
94,26.35,
251,30.852555555555554,1.0
245,27.322777777777773,1.0
196,20.085,0.0
179,20.776249999999997,0.0
334,29.87776595744681,1.0
172,29.705000000000002,1.0
291,29.329705882352936,1.0
418,29.95122448979592,1.0
168,37.32625,2.0
341,27.99877358490565,1.0
289,28.474680851063845,1.0
260,33.58060975609755,1.0
72,31.825,
300,27.967205882352946,1.0
213,20.563333333333333,0.0
28,25.884999999999998,
184,27.317500000000003,1.0
275,31.26719512195121,1.0
49,21.349999999999998,0.0
